Date,"04-05-2023, 13:04:18","04-05-2023, 13:16:24","04-05-2023, 13:32:20","04-05-2023, 13:53:47","04-05-2023, 14:00:50","04-05-2023, 14:12:57","04-05-2023, 14:13:56","04-05-2023, 14:14:06","04-05-2023, 14:15:07","04-05-2023, 14:16:07","04-05-2023, 18:31:42","04-05-2023, 18:59:07","04-05-2023, 19:00:50","04-05-2023, 19:59:08","04-05-2023, 20:00:50","04-05-2023, 22:19:58","04-05-2023, 22:59:07","04-05-2023, 23:00:50","04-05-2023, 23:59:08","04-06-2023, 00:00:50","04-06-2023, 01:35:27","04-06-2023, 01:59:07","04-06-2023, 02:00:51","04-06-2023, 02:43:24","04-06-2023, 04:59:09","04-06-2023, 05:00:51","04-06-2023, 08:59:07","04-06-2023, 09:00:51","04-06-2023, 13:55:44","04-06-2023, 13:59:06","04-06-2023, 14:00:51","04-06-2023, 14:59:07","04-06-2023, 15:00:50","04-06-2023, 15:59:07","04-06-2023, 16:00:50","04-06-2023, 16:59:07","04-06-2023, 17:00:51","04-06-2023, 18:18:45","04-06-2023, 18:58:16","04-06-2023, 19:59:07","04-06-2023, 20:00:51","04-06-2023, 20:42:04","04-07-2023, 05:59:08","04-07-2023, 06:00:51","04-07-2023, 08:59:08","04-07-2023, 09:00:51","04-07-2023, 11:59:08","04-07-2023, 12:00:51","04-07-2023, 12:28:11","04-07-2023, 14:39:55","04-07-2023, 14:59:08","04-07-2023, 15:00:50","04-07-2023, 15:59:10","04-07-2023, 16:00:51","04-07-2023, 16:59:08","04-07-2023, 17:00:50","04-07-2023, 17:48:41","04-07-2023, 17:59:08","04-07-2023, 18:00:50","04-07-2023, 20:03:25","04-07-2023, 21:05:16","04-07-2023, 21:59:08","04-07-2023, 22:00:50","04-07-2023, 22:59:08","04-07-2023, 23:00:51","04-07-2023, 23:59:08","04-08-2023, 00:00:51","04-08-2023, 00:59:08","04-08-2023, 01:00:51","04-08-2023, 03:19:04","04-08-2023, 04:04:08","04-09-2023, 07:59:08","04-09-2023, 08:00:50","04-09-2023, 16:59:08","04-09-2023, 17:00:50","04-09-2023, 17:59:08","04-09-2023, 18:00:51","04-09-2023, 18:59:08","04-09-2023, 19:00:51","04-09-2023, 19:59:09","04-09-2023, 20:00:51","04-09-2023, 20:59:08","04-09-2023, 21:00:50","04-10-2023, 15:01:40","04-10-2023, 20:00:51","04-10-2023, 20:25:17","04-10-2023, 20:59:08","04-10-2023, 21:00:50","04-10-2023, 21:59:08","04-10-2023, 22:00:50","04-10-2023, 22:59:08","04-10-2023, 23:00:50","04-11-2023, 06:59:07","04-11-2023, 07:00:51","04-11-2023, 07:59:12","04-11-2023, 10:59:11","04-11-2023, 12:15:46","04-11-2023, 14:59:08","04-11-2023, 15:00:51","04-11-2023, 17:08:04","04-11-2023, 18:04:21","04-11-2023, 22:05:56","04-12-2023, 04:59:10","04-12-2023, 10:59:08","04-12-2023, 11:00:51","04-12-2023, 11:59:08","04-12-2023, 12:00:50","04-12-2023, 14:59:08","04-12-2023, 15:00:50","04-12-2023, 17:01:08","04-12-2023, 18:45:05"
1883,8,10,6,7,7,4,3,3,3,3,3,0,3,5,4,8,1,2,6,9,1,48,48,0,6,6,2,4,6,3,6,2,6,8,6,4,4,6,6,5,7,8,2,5,2,4,3,5,15,3,4,4,7,8,7,7,5,7,8,4,11,3,2,4,5,6,7,5,6,3,3,5,2,7,11,7,7,5,9,7,10,28,26,6,0,5,4,4,8,9,4,7,5,4,2,4,4,1,5,5,4,5,6,1,5,2,4,1,3,5,6
1899,5,3,3,4,3,3,5,5,2,5,2,0,1,3,3,5,0,6,5,3,4,5,5,0,0,3,5,3,2,1,4,1,4,4,6,0,6,2,5,2,6,0,0,2,5,4,1,5,3,3,0,3,5,5,3,3,2,4,2,5,4,2,3,0,1,5,2,3,6,0,5,4,6,5,2,5,1,3,2,2,1,3,6,4,3,0,1,2,5,4,3,6,3,6,5,4,0,4,4,1,0,5,3,2,3,5,6,1,4,4,4
Abbott Elementary,33,30,32,31,25,30,32,32,34,32,29,38,39,34,33,176,143,144,102,100,70,50,51,42,54,56,80,84,158,150,152,162,164,186,184,147,147,141,155,158,164,191,38,44,159,149,182,182,183,155,182,182,173,172,215,202,191,210,215,181,177,177,180,201,200,152,153,100,106,85,66,72,76,148,139,116,118,125,122,157,157,183,183,118,113,153,198,200,182,186,175,186,77,78,102,121,120,114,116,79,84,90,37,144,142,160,161,44,44,176,153
Bachelor in Paradise,9,8,17,3,9,5,5,5,11,10,9,4,7,3,8,6,7,10,7,7,3,9,9,5,1,7,3,9,4,4,8,3,6,10,10,11,10,6,15,7,7,8,1,2,6,4,3,7,7,13,5,8,2,6,9,9,5,5,6,7,5,10,14,9,9,10,13,10,9,3,8,2,6,4,7,8,10,9,5,5,9,11,10,36,6,13,7,5,10,13,9,9,4,6,3,2,4,2,8,4,7,6,3,9,6,8,12,5,5,7,2
Barry,72,81,74,97,93,94,95,95,97,98,103,116,111,91,92,83,92,93,75,71,86,66,67,67,40,41,63,64,47,52,49,57,57,68,65,59,58,73,95,116,114,109,49,48,51,53,102,104,70,87,84,86,73,69,93,91,101,73,74,90,67,98,97,101,100,102,97,81,82,58,63,64,66,418,412,149,152,129,128,129,130,116,120,164,125,122,125,125,127,127,103,102,78,83,80,147,235,200,200,181,186,181,80,157,159,131,131,110,113,107,108
Black Mirror,255,266,278,266,306,304,300,300,300,303,245,309,307,242,239,268,300,298,316,310,194,257,255,235,302,299,192,200,215,251,276,269,294,383,405,257,262,232,249,208,211,262,213,243,158,161,193,185,252,237,238,242,151,151,221,237,182,226,221,209,249,220,218,241,245,185,185,332,333,272,206,254,256,258,273,299,300,295,301,271,271,345,362,262,304,217,212,228,213,199,183,186,231,226,176,262,252,221,200,216,236,249,226,231,231,233,232,221,183,193,226
Boy Meets World,72,55,68,65,77,78,74,74,75,73,117,80,84,77,84,76,77,79,47,50,44,61,67,44,28,27,54,52,69,74,69,63,63,88,88,64,63,66,64,81,78,80,30,34,22,29,39,40,53,38,36,36,47,48,40,42,32,30,26,44,44,46,48,55,54,26,31,38,37,15,26,33,36,35,41,39,44,44,49,32,32,38,36,46,42,52,36,38,48,48,40,44,30,29,17,28,29,35,38,23,36,47,12,24,25,22,23,24,24,30,61
Breaking Bad,2033,2143,2333,2334,2165,1840,1805,1805,1753,1758,1406,1335,1338,1248,1267,1239,1214,1197,1274,1261,1247,1769,1696,1012,1685,1664,1898,1862,1917,2005,2106,1706,1714,1559,1552,1706,1695,1356,1353,1413,1404,1517,876,891,1527,1541,1496,1490,2081,1407,1444,1451,1573,1556,1571,1598,1456,1433,1426,1868,1626,2207,2176,1378,1377,1278,1257,1203,1224,917,861,795,786,2058,2044,1706,1720,1589,1581,1573,1579,1791,1844,2042,1344,1353,1344,1353,1540,1537,1473,1462,1149,1149,1312,1932,1437,1270,1278,1185,1227,1072,773,977,969,1171,1176,799,810,907,1154
Bridgerton,167,167,144,135,138,133,130,130,129,128,120,124,121,111,106,165,140,140,135,136,109,113,114,97,82,90,160,155,197,145,157,152,148,161,166,149,144,128,133,174,176,174,202,203,143,152,159,161,154,159,156,155,143,149,142,148,139,140,143,122,136,145,146,134,106,203,202,133,135,110,92,145,145,182,177,151,162,144,147,122,132,150,145,158,115,130,122,121,142,143,130,120,74,80,64,107,112,94,98,143,172,267,65,80,83,97,90,60,63,104,110
Cruel Summer,9,7,2,7,5,6,5,5,4,9,4,6,7,2,7,6,5,4,7,5,7,2,1,4,6,9,3,4,4,5,8,4,4,11,10,7,6,5,5,3,11,5,0,3,9,9,10,9,7,6,13,14,6,7,9,8,8,6,3,3,8,10,9,3,7,9,10,11,17,5,6,1,6,11,12,5,3,6,9,7,7,9,10,3,11,7,7,7,6,4,9,10,3,6,4,6,6,6,9,4,6,8,2,2,5,3,5,4,5,3,10
Cyberpunk,88,109,126,88,87,74,85,85,89,88,87,127,134,101,100,112,116,115,83,85,107,103,102,83,66,60,90,94,141,140,142,167,171,160,169,142,140,191,146,128,122,124,89,94,109,120,117,118,124,116,113,115,105,108,103,96,115,100,101,116,91,111,109,89,91,77,79,159,158,82,134,320,317,158,155,168,160,141,139,212,212,181,198,153,130,118,106,104,105,116,129,124,76,79,100,107,104,133,130,129,84,78,110,95,100,101,102,102,158,100,108
Dragonball Z,897,896,877,1034,1003,984,1001,1007,994,992,833,870,876,971,991,1099,1025,1047,923,931,864,898,892,830,771,748,860,833,1523,1606,1611,1411,1409,1345,1369,1103,1100,1017,1087,1272,1262,1065,766,794,797,811,746,752,929,756,856,868,1119,1083,1078,1096,1000,1067,1078,888,1002,1018,1042,1020,1011,879,860,840,803,633,626,725,733,968,985,850,851,1182,1150,1008,1019,1176,1140,823,874,859,880,898,953,930,882,859,554,538,604,813,833,925,918,795,884,886,533,819,791,735,709,787,768,766,859
Emily in Paris,12,9,12,15,15,16,13,13,11,15,18,16,19,16,16,18,22,21,18,20,18,17,19,12,10,14,12,15,16,21,23,24,26,25,24,18,17,20,22,23,25,22,11,15,11,10,20,21,12,18,8,10,24,25,16,16,24,16,18,15,12,15,15,16,13,13,15,7,5,14,8,11,8,15,14,12,11,15,19,15,18,16,17,22,14,24,16,20,22,20,23,23,15,14,15,17,17,17,16,15,12,8,8,15,15,9,12,11,10,11,11
Euphoria,366,361,327,365,352,327,341,341,346,346,345,335,327,337,351,322,349,351,336,327,316,271,283,234,184,189,251,252,332,359,349,317,319,317,315,332,319,267,273,274,276,281,178,176,226,238,311,305,316,364,451,435,492,498,572,549,502,461,445,402,448,397,400,390,385,405,387,396,395,312,291,238,237,357,357,332,327,336,322,313,312,364,352,365,488,418,405,397,469,468,415,421,267,272,285,376,474,376,381,390,315,343,185,302,295,290,292,224,224,411,329
Foundation,11,13,16,5,15,16,13,13,15,15,13,7,6,12,7,5,6,10,9,10,11,9,9,5,5,7,4,6,13,13,11,8,12,15,15,11,13,7,9,4,4,5,4,10,5,10,13,8,4,9,9,8,7,8,6,10,6,10,8,7,9,5,11,5,7,14,14,8,12,11,6,11,15,8,11,9,5,4,8,14,12,13,12,8,9,3,7,7,6,6,13,14,7,8,9,10,10,13,12,7,6,5,10,5,7,6,5,6,7,13,4
Game of Thrones,1583,1627,1546,1458,1475,1514,1553,1553,1586,1615,1328,1341,1360,1293,1295,1741,1992,2010,2402,2412,4178,4199,4190,4387,4296,4326,4957,4922,2451,2551,2530,2194,2182,2270,2200,2169,2135,1658,1416,1196,1205,1366,726,752,1044,1071,1020,1001,1086,1016,1051,1083,1026,1020,1239,1177,1023,1033,1034,1046,1372,1084,1093,1079,1054,1491,1484,1653,1659,1673,1609,2224,2253,1385,1383,1202,1191,1581,1563,1359,1345,1710,1699,2600,2330,2210,1929,1908,2160,2174,2956,2927,2353,2390,2751,3402,3915,2333,2312,1714,1709,1554,1530,2453,2447,1985,1984,1471,1461,2404,2034
Grey's Anatomy,723,689,699,616,624,699,713,713,713,673,576,521,512,519,517,583,630,623,478,491,443,464,458,369,334,328,507,502,782,704,681,663,653,721,729,736,732,674,687,718,723,619,456,441,556,559,569,560,659,634,616,602,605,604,575,575,621,634,653,639,589,687,683,613,618,549,543,581,622,386,380,460,464,729,738,536,522,646,639,665,656,619,626,509,605,565,638,633,612,648,584,581,415,410,454,569,636,639,653,681,679,795,372,624,641,527,517,438,454,653,607
House of the Dragon,688,649,698,689,676,694,696,696,689,686,822,872,863,707,713,635,614,608,607,621,526,601,584,583,477,473,755,736,674,684,686,710,709,617,600,644,630,580,641,537,527,522,307,310,614,570,727,731,846,689,763,775,706,704,734,744,799,708,709,533,511,561,567,513,498,461,469,461,467,391,445,735,750,894,879,817,820,754,756,766,765,768,785,872,736,764,776,785,769,771,741,743,626,640,739,979,1511,1270,1231,1261,1165,861,607,1126,1125,933,928,736,699,1053,933
Invincible,129,141,128,153,168,320,356,356,365,390,236,220,219,187,195,170,125,112,347,344,158,154,154,144,149,145,194,193,326,321,324,285,279,364,366,351,362,360,394,371,348,360,187,186,230,230,307,309,301,252,236,236,228,232,260,265,235,251,260,228,327,271,281,285,263,308,314,276,276,175,161,189,181,179,178,158,151,139,135,150,150,188,193,178,212,188,226,245,271,262,214,216,125,125,137,209,283,273,274,211,201,190,118,196,186,148,149,112,115,137,104
NCIS,31,40,29,59,33,30,31,33,36,31,39,48,44,53,47,49,28,36,46,44,24,30,33,29,32,31,30,32,51,49,45,44,46,49,49,40,37,36,33,34,37,40,28,28,42,42,48,49,53,41,38,35,35,41,52,55,40,38,39,30,39,28,27,35,32,33,29,30,32,34,59,52,49,58,51,34,37,35,45,38,37,45,43,38,44,41,48,49,67,72,66,60,31,30,38,43,35,38,38,42,45,65,24,35,39,45,43,43,47,51,31
Obi-Wan Kenobi,22,56,44,54,52,55,56,56,58,57,48,53,52,32,31,25,33,31,27,24,31,28,30,31,22,20,32,29,21,15,12,15,16,22,23,20,23,20,21,14,17,15,10,12,24,22,23,25,17,36,36,39,23,24,21,20,19,27,26,17,33,33,31,28,29,30,28,24,24,28,29,19,17,16,13,41,41,39,43,38,39,41,46,26,27,19,18,17,21,21,30,28,15,17,20,7,17,14,15,21,16,18,13,12,11,47,54,23,25,36,44
Only Murders in the Building,20,21,25,28,25,18,17,17,18,16,18,35,34,45,46,31,42,41,70,70,25,31,31,18,20,20,16,21,23,20,22,27,28,19,18,18,23,25,19,23,23,23,43,44,73,71,52,53,46,45,44,49,38,44,49,49,43,42,40,41,28,37,38,34,39,42,47,29,31,23,30,12,14,56,57,54,59,61,61,183,181,64,70,17,23,55,39,39,26,25,68,77,47,48,51,39,37,41,40,48,42,55,32,43,43,36,39,23,28,31,43
Party Down,15,13,16,15,20,18,13,13,13,13,10,10,13,11,10,14,16,15,23,20,13,30,29,15,9,9,12,11,18,21,25,13,17,12,18,9,9,22,20,16,18,11,9,11,13,13,16,15,10,16,16,14,9,11,4,6,7,12,15,13,45,11,11,20,21,19,20,20,22,12,18,6,11,10,11,7,7,8,11,13,11,8,10,23,22,18,17,20,29,28,20,18,9,9,5,13,9,9,11,10,8,7,8,5,10,8,8,4,2,9,9
Poker Face,9,7,12,8,8,11,11,10,10,12,18,16,17,13,13,15,24,24,15,17,13,12,9,12,6,9,8,8,13,12,11,10,14,14,13,16,12,10,13,12,13,11,5,5,10,12,5,6,6,10,11,14,8,5,11,11,8,10,11,14,11,8,8,13,17,16,18,15,15,7,3,12,14,18,19,5,8,8,9,19,17,12,11,7,9,8,17,17,17,19,17,18,6,4,19,7,11,9,9,9,11,17,1,8,10,8,6,9,8,8,11
Reacher,9,13,6,11,14,7,8,8,10,13,10,10,8,9,6,8,7,10,5,6,8,5,8,7,5,8,10,8,30,32,33,6,9,9,9,5,9,11,16,8,10,12,8,11,8,8,12,19,4,11,12,9,7,7,9,11,9,18,16,9,15,11,12,11,7,6,6,11,12,4,5,10,9,6,5,6,8,6,10,7,5,9,9,11,11,8,12,14,13,12,11,13,9,8,7,11,9,10,11,10,11,12,2,11,15,12,14,9,12,19,14
Rick & Morty,2105,2057,2035,1951,1935,2027,2038,2036,2036,2040,1880,1551,1507,1171,1213,1021,1004,986,989,997,807,893,828,806,724,713,737,717,996,967,921,890,889,931,943,870,835,775,820,814,819,672,590,594,656,662,828,802,776,721,704,706,787,812,883,878,803,940,948,891,888,931,929,849,844,873,877,769,754,662,587,815,826,1124,1103,778,766,746,750,850,828,807,788,574,658,616,685,696,659,653,588,568,515,525,574,824,602,723,738,866,745,706,634,1013,1020,1006,1023,877,878,979,1348
Severance,5,4,6,2,2,1,5,5,4,4,3,4,5,1,3,7,4,5,5,6,3,2,3,3,4,4,6,5,4,3,5,2,6,2,3,1,6,7,4,2,8,5,4,1,4,7,4,2,2,7,2,5,6,3,1,6,2,6,4,2,7,6,2,4,3,6,3,3,5,5,5,1,1,7,9,1,2,6,5,7,6,5,5,4,4,2,7,8,4,4,3,6,3,1,3,5,1,3,6,4,4,1,6,1,7,1,5,7,7,2,6
Shrill,6,3,5,1,2,3,4,4,2,5,2,5,3,0,2,3,3,4,5,6,2,0,3,1,0,1,3,1,3,3,2,2,1,3,2,1,6,0,5,4,6,3,5,3,2,4,2,5,2,5,5,6,0,4,3,3,1,4,1,3,4,4,3,0,1,5,3,2,2,0,5,4,6,6,7,5,2,2,5,4,6,5,4,0,0,1,5,6,5,3,3,5,3,6,2,3,5,4,6,3,5,4,6,2,6,3,3,3,2,4,1
Shrinking,24,21,13,16,19,23,24,24,24,25,65,84,78,89,87,95,71,73,56,61,32,42,46,29,24,22,34,32,58,57,60,73,75,51,52,61,59,57,59,82,81,73,23,21,37,39,36,35,27,32,28,29,43,38,29,29,36,36,36,24,48,37,39,35,37,30,31,32,32,28,19,15,16,25,25,17,19,29,26,42,43,23,19,26,51,54,71,72,77,82,42,49,30,31,21,28,30,20,19,29,18,43,10,13,17,9,13,9,8,16,12
South Park,1325,1226,1367,1321,1359,1465,1477,1477,1485,1469,1766,1836,1816,1810,1818,1868,1796,1801,1615,1614,1482,1419,1425,1307,1159,1186,1283,1302,1478,1533,1557,1389,1389,1485,1473,1472,1487,1744,2264,2320,2300,2107,1198,1193,1586,1573,1646,1664,1845,1548,1597,1590,1635,1644,1585,1603,1583,1615,1604,1557,1716,1875,1891,1857,1872,1727,1713,1647,1644,1464,1280,1324,1352,1721,1730,1573,1612,1576,1604,1568,1580,1467,1516,1188,1428,1524,1383,1353,1689,1687,1597,1606,997,1005,1102,1283,1156,1068,1070,1187,1187,1398,752,1287,1261,1222,1211,986,1016,1349,1360
Star Trek: Picard,244,169,187,212,230,236,230,233,220,218,310,409,401,244,255,260,236,247,216,226,180,191,193,188,899,958,306,309,459,448,436,463,472,903,882,613,613,623,541,599,637,606,337,344,469,467,571,574,547,569,573,566,780,713,651,653,598,625,602,541,503,484,492,445,448,432,434,748,701,278,253,625,676,377,389,725,715,353,340,532,455,336,350,512,511,407,490,487,483,474,581,558,458,469,499,599,681,587,597,702,556,545,250,397,407,380,391,332,339,697,405
Stranger Things,732,771,688,1276,1603,700,652,652,644,657,557,653,636,635,641,559,615,579,553,517,457,494,510,392,416,389,632,604,929,960,947,774,782,840,841,965,949,622,767,692,675,746,708,729,749,720,654,622,593,914,598,651,597,629,606,591,710,677,690,606,652,609,588,536,568,524,517,407,432,386,397,589,570,770,747,646,655,855,844,687,650,667,680,858,672,700,751,739,783,780,640,625,602,669,673,1059,1461,2661,2599,2021,1845,1292,684,709,725,658,653,478,510,617,659
Succession,2305,2246,2381,2465,2429,2330,2337,2337,2326,2338,2243,2159,2184,2134,2100,2456,2539,2522,2306,2336,1812,1749,1727,1509,1124,1132,2037,2039,2260,2289,2250,2201,2222,2071,2104,2201,2195,2122,2100,2004,2051,2078,953,948,1661,1669,1899,1919,1866,1891,1861,1878,1848,1876,2054,2028,1986,1970,1962,1672,1746,1873,1902,2209,2220,2692,2683,2401,2411,1787,1520,1455,1479,2418,2426,2308,2296,2140,2116,2143,2162,2763,2795,10488,8268,8304,8811,8875,10414,10399,9377,9254,3976,4062,5266,5965,5401,5848,5907,5827,6070,6035,2462,4237,4237,4233,4224,2397,2395,5237,4850
Survivor,1242,1273,1300,1219,1271,1281,1296,1275,1272,1269,1316,1373,1382,1587,1748,2639,2427,2465,2434,2484,1743,1561,1584,1248,789,803,1647,1679,2102,2137,2162,2011,2022,1829,1799,1811,1828,1834,1898,2023,2004,2148,752,760,1573,1560,1533,1551,1501,1653,1373,1345,1317,1289,1448,1465,1538,1509,1505,1658,1900,1727,1718,1825,1836,1808,1788,1420,1389,882,808,883,868,1490,1483,1292,1289,1484,1495,1315,1357,1473,1455,1308,1314,1476,1769,1756,2049,2061,1962,1944,1112,1084,1366,1245,1261,1359,1384,1639,1468,1501,637,932,903,927,928,660,650,1114,1234
Ted Lasso,2558,2469,2533,2480,2487,2429,2414,2414,2416,2425,2411,2521,2542,2470,2448,3200,3056,3039,2663,2628,1785,1675,1667,1416,921,899,2235,2286,2400,2400,2387,2307,2297,2516,2473,2534,2533,2688,2505,2363,2376,2623,1065,1061,1822,1849,2078,2095,1981,1917,2083,2083,1909,1907,1757,1754,1808,1729,1710,1413,1527,1753,1718,1833,1816,1566,1537,1391,1393,992,811,966,990,1124,1116,1123,1103,1099,1105,1373,1368,1923,1946,1663,1823,1778,1876,1892,2090,2092,1852,1823,1006,1020,1294,1276,1329,1392,1393,1347,1394,3097,1284,2755,2719,2570,2525,1469,1459,2688,2434
The Bachelorette,2205,2268,2166,2033,2020,1960,1963,1963,1970,1970,2116,2235,2214,2250,2269,2370,2329,2266,1918,1924,1216,1087,1064,733,570,561,1504,1482,1301,1364,1359,1513,1535,1501,1507,1924,1920,1777,1939,2046,2037,2030,726,730,1364,1404,1423,1420,1394,1331,1339,1362,1159,1162,1062,1022,1144,1103,1100,1151,1146,1385,1395,1336,1335,2322,2342,1746,1708,868,681,725,712,1361,1411,1551,1554,1501,1494,1540,1576,1540,1534,1467,1441,1592,1565,1547,1580,1565,1385,1385,570,584,706,1039,1279,1176,1168,1157,1271,2288,557,1869,1892,1253,1244,616,609,1221,1128
The Bear,28,25,28,40,36,30,28,26,30,30,17,21,24,19,23,21,34,33,19,21,20,21,25,17,12,11,14,11,16,15,20,19,25,25,25,18,15,10,23,16,19,20,54,49,62,64,50,56,37,46,31,35,43,43,51,49,37,36,37,31,25,25,29,25,25,26,28,11,12,16,13,30,31,50,48,68,72,49,55,57,59,58,55,42,34,28,32,31,26,30,33,31,11,11,17,28,16,21,22,20,19,26,10,27,32,34,34,28,24,72,35
The Book of Boba Fett,17,14,8,12,11,11,9,9,9,7,12,22,22,11,14,13,13,20,10,10,14,11,11,10,8,10,5,9,11,14,10,11,10,7,9,23,22,21,18,16,17,21,16,17,10,12,13,16,19,15,12,12,17,17,28,23,13,13,15,9,22,20,21,14,13,22,26,17,21,20,14,8,12,20,22,15,12,10,11,13,10,10,11,12,139,124,138,131,100,99,109,110,72,74,79,84,74,66,66,56,66,35,29,46,45,23,22,24,26,26,17
The Boys,735,718,656,779,736,602,604,604,614,625,1046,1563,1527,885,870,986,1333,1284,861,856,832,895,886,725,1308,1271,2479,2645,1099,897,846,558,604,2655,2808,594,579,578,1292,1272,1155,474,1343,1503,676,680,932,918,918,918,914,915,1177,1386,1947,1728,721,658,650,649,558,725,639,509,510,511,519,2221,2496,419,527,720,696,1214,1226,936,943,967,971,1189,1411,993,982,1426,971,1231,2066,2098,2695,2959,915,928,563,621,640,661,710,678,672,610,497,463,241,603,582,568,566,1072,1076,844,691
The Consultant,2,4,8,8,6,8,6,6,7,5,8,9,8,4,5,7,8,6,8,10,9,5,7,2,4,6,1,6,6,5,4,11,10,7,8,7,7,9,3,9,10,2,5,7,5,6,9,8,3,5,5,4,5,3,4,8,9,8,10,8,6,6,6,3,7,3,3,3,5,7,4,9,5,4,2,5,10,6,8,8,8,10,11,6,5,7,9,9,4,9,4,4,3,8,5,5,4,9,10,3,3,2,6,0,2,6,4,8,9,33,6
The End is Nye,5,5,5,1,1,2,3,3,6,4,4,7,5,0,6,2,3,7,1,5,0,1,2,3,5,6,3,1,3,2,4,1,2,0,5,3,3,0,4,1,6,3,4,4,1,5,1,5,3,0,5,5,3,3,1,6,2,3,5,4,0,3,6,0,4,5,1,4,4,4,4,5,6,4,6,1,1,4,4,4,1,0,5,0,5,4,0,4,4,5,4,1,5,3,2,1,3,5,3,1,4,2,3,4,7,5,3,0,4,0,2
The Last of Us,1355,1374,1312,1371,1422,1404,1394,1394,1376,1403,1098,1168,1190,1104,1123,1072,994,1030,948,955,931,833,829,777,767,758,1116,1144,2043,2126,2102,2285,2292,2237,2274,2454,2458,2231,2290,2635,2638,1953,1019,984,1139,1147,1310,1322,1396,1539,1531,1534,1671,1708,1918,1869,1595,1591,1553,1626,1407,1387,1409,1362,1340,1350,1347,1254,1288,1482,2261,1633,1597,1982,1995,1887,1914,1670,1624,1709,1750,1914,1830,1356,1884,1947,1818,1801,1779,1813,1623,1626,1108,1114,1343,1439,1311,1471,1475,1503,1438,1665,980,1350,1361,1310,1318,842,848,1210,1096
The Mandalorian,3801,3731,3873,3893,3934,3935,3925,3925,3926,3913,3449,3534,3544,3450,3450,4154,4126,4056,3544,3647,2662,2631,2647,2192,1759,1727,2780,2760,2738,2770,2773,2510,2530,2569,2562,2536,2505,2371,2326,2157,2129,2169,1108,1106,2068,2093,2751,2711,2527,2146,2138,2141,2344,2328,2460,2476,2305,2309,2300,2137,2172,2568,2603,2301,2338,2336,2308,2089,2058,1761,1667,1808,1809,1990,2017,1924,1897,1839,1809,1608,1614,1590,1595,1779,1519,1652,1799,1798,1951,1998,1393,1428,1073,1103,1098,1699,1426,944,938,892,826,872,2268,3908,3925,3706,3694,2879,2862,4588,4285
TRH: New Jersey,1738,1730,1629,1683,1691,1508,1477,1477,1503,1516,1843,1900,1920,2157,2106,3399,3029,2985,2175,2146,1385,1273,1267,969,933,931,1765,1778,1713,1740,1741,1681,1743,1938,1951,2020,2022,1783,1988,2075,2088,2167,720,723,1468,1516,1453,1460,1494,1594,1593,1614,1632,1621,1926,1960,2146,2285,2294,1998,2171,2266,2274,2083,2099,1826,1816,1496,1474,963,846,1410,1436,1736,1737,1647,1654,1712,1697,1711,1715,1862,1867,1410,2036,2107,2121,2139,2415,2418,2258,2226,1199,1201,1473,1631,1664,2071,2007,1650,1731,2410,706,1211,1205,1319,1302,837,865,1797,1584
RHONJ,676,713,710,716,805,753,755,755,746,752,735,777,758,837,860,932,841,825,687,697,454,372,375,314,278,281,616,633,746,754,740,765,780,707,690,689,683,638,726,653,671,724,307,309,599,613,669,689,683,662,608,604,648,665,667,686,833,838,836,942,987,952,945,908,898,773,759,652,657,390,317,391,400,510,501,536,529,685,700,660,650,635,632,521,651,665,723,725,653,653,647,631,229,225,382,503,375,538,545,649,632,900,264,634,623,700,705,312,307,706,699
The Sopranos,1129,1186,1167,1186,1095,1080,1101,1103,1100,1080,1128,1254,1251,1063,1071,1139,1068,1047,1031,1017,936,863,874,805,641,633,920,929,1160,1134,1160,1256,1270,1344,1288,1351,1282,1135,1262,1209,1172,1186,611,586,917,986,1051,1058,1136,1171,1147,1109,1109,1130,1081,1067,1078,1112,1103,1055,1131,1055,1090,1086,1119,929,919,919,942,659,594,890,899,1203,1206,1104,1106,1044,1059,1199,1218,1446,1442,1080,1140,1003,1117,1130,1179,1186,1217,1154,823,839,888,978,988,1129,1117,1244,1191,1068,578,1016,1024,1058,1059,863,852,1318,1306
The Walking Dead,709,715,663,811,821,755,784,784,780,770,627,688,694,693,684,912,614,618,630,649,900,1408,1361,4097,534,537,653,676,958,1003,1027,921,950,1098,1100,1001,987,784,1022,945,937,931,536,588,773,738,758,747,1220,928,880,870,869,852,879,882,2272,1943,1917,839,912,2137,2210,877,901,716,721,737,744,608,521,647,652,939,944,854,864,822,819,863,884,921,1158,1592,854,853,823,839,811,814,772,759,602,599,656,804,1828,734,744,878,891,789,1963,803,792,743,764,1671,1572,914,841
The White Lotus,36,45,28,29,39,38,39,39,36,37,19,42,34,41,39,51,44,45,38,39,24,25,30,23,45,23,33,30,25,28,28,31,31,28,30,33,34,24,46,72,75,71,46,37,54,53,68,58,53,43,54,58,65,60,61,61,62,58,61,52,34,35,39,34,34,37,38,34,39,43,54,63,62,100,99,131,140,123,136,85,84,99,105,61,61,58,104,57,94,100,101,101,55,51,70,63,64,54,55,84,45,64,25,30,31,38,41,22,23,135,55
Wednesday,17,27,27,23,24,28,29,29,32,28,27,24,25,22,21,15,27,29,26,26,22,21,22,30,23,27,38,39,42,35,35,32,32,37,37,24,25,24,24,28,33,24,38,44,20,17,41,36,39,27,24,24,44,50,46,39,40,40,41,38,52,25,21,34,39,33,33,15,22,19,26,33,36,37,35,46,43,45,47,36,41,49,49,27,30,30,31,30,39,37,29,26,38,40,25,25,50,32,40,39,30,33,21,31,28,25,26,21,19,26,50
Yellowjackets,1149,1158,1171,1146,1171,1124,1098,1098,1119,1120,1034,1086,1079,1077,1079,1402,1388,1382,1229,1235,824,755,746,815,448,451,921,958,996,992,978,1007,1023,1170,1204,1260,1242,1073,1058,1153,1144,1391,873,870,1322,1301,1572,1547,1638,1652,1874,1855,1929,1957,1872,1890,1793,1762,1738,1891,2124,2501,2499,2622,2608,2369,2374,1920,1912,1182,1074,788,785,1468,1441,1482,1506,1469,1476,1474,1499,1773,1813,1458,1523,1551,1690,1703,1883,1835,1825,1894,756,769,892,1083,1099,1335,1305,1040,1061,1437,560,887,870,830,834,496,488,1210,946
Yellowstone,94,90,177,118,111,108,112,114,114,111,100,91,94,98,99,123,104,94,104,103,189,537,564,78,81,81,60,60,98,101,109,73,73,83,79,89,89,66,99,116,113,417,61,57,102,100,216,200,316,97,78,87,68,70,110,110,106,101,98,77,80,88,90,95,91,80,79,55,56,46,37,65,66,88,86,89,92,86,81,114,117,106,100,107,88,86,91,90,115,120,125,131,46,52,45,60,45,45,51,143,123,138,52,57,64,72,72,52,59,70,92
You,569,594,612,576,580,611,600,600,598,607,628,572,569,610,616,572,633,623,609,620,472,480,474,421,370,370,607,629,722,744,723,687,685,680,679,688,688,605,716,666,639,626,444,440,652,662,728,716,696,643,660,657,576,586,666,675,710,671,659,654,595,584,593,568,565,547,536,613,580,577,420,517,525,659,652,675,660,736,703,773,803,781,773,782,694,600,609,569,616,622,592,601,499,503,570,612,635,543,536,544,667,683,268,576,548,552,557,267,247,542,519
