,Black Mirror,Euphoria,Foundation,Grey's Anatomy,House of the Dragon,Party Down,Shrinking,South Park,Star Trek: Picard,Succession,Ted Lasso,The Consultant,The Bear,The Boys,The Mandalorian,The White Lotus,Yellowjackets,You,Wednesday,Yellowstone,The Last of Us,Poker Face,Stranger Things,Game of Thrones,The Bachelorette,Survivor
2022-03-27 20:00,35,763,11,471,64,,,403,100,153,42,,,193,43,,130,54,,58,193,,146,142,1051,1345
2022-03-28 20:00,36,681,10,381,95,,,421,80,93,42,,,71,62,,162,36,,80,218,,141,156,714,1121
2022-03-29 20:00,45,792,11,368,477,,,572,86,202,49,,,62,93,3,172,61,,42,319,,76,366,1008,3506
2022-03-30 20:00,,,,,,,,,,,,,,,,,,,,,,,,,,
2022-03-31 20:00,48,958,4,720,305,,,560,302,417,77,,,53,48,3,77,33,,18,691,,184,127,839,1467
2022-04-01 20:00,32,525,,509,201,,,315,183,233,69,,,364,94,,101,46,,29,226,,193,145,940,1026
2022-04-02 20:00,20,601,17,425,293,1,,429,104,155,74,,,140,67,,95,114,,58,259,,128,253,526,1709
2022-04-03 20:00,54,582,7,287,227,,,500,82,167,77,,,70,56,,128,173,,51,481,,94,269,571,1929
2022-04-04 20:00,40,899,,312,118,,,457,180,185,54,,,131,46,,106,58,,52,288,,77,137,774,834
2022-04-05 20:00,31,525,,293,105,,,500,167,149,40,,,38,37,,111,133,,39,286,,158,161,523,1111
2022-04-06 20:00,17,636,1,328,172,,,543,68,114,49,,,249,18,,89,27,,18,204,,151,175,1158,3299
2022-04-07 20:00,15,472,1,705,187,,,548,451,216,50,,,103,15,,93,29,,59,184,,153,147,1104,1463
2022-04-08 20:00,23,638,,529,146,,,283,344,103,47,,,139,41,,158,16,,32,279,,114,172,684,1057
2022-04-09 20:00,34,633,,389,156,,,665,128,180,31,,,70,73,,98,58,,28,260,,194,259,1812,1160
2022-04-10 20:00,40,717,1,377,212,,,549,50,149,43,,,221,61,,146,23,,15,221,,240,157,2087,820
2022-04-11 20:00,20,301,,372,119,,,462,59,116,21,,,67,55,1,92,14,,42,109,,398,187,985,931
2022-04-12 20:00,20,315,3,522,177,,,506,58,104,73,,,59,79,,84,15,,16,147,,1341,436,1014,996
2022-04-13 20:00,17,827,6,444,107,,,416,114,168,59,,,44,79,,189,55,,46,234,,713,196,1015,6279
2022-04-14 20:00,62,311,,319,106,,,528,374,345,63,,,130,60,,136,52,,24,250,,551,216,1378,1698
2022-04-15 20:00,66,195,,298,104,9,,557,374,393,83,,,64,73,,88,23,,32,558,,497,311,993,1172
2022-04-16 20:00,42,291,1,317,98,3,,438,246,191,53,,,238,91,,84,48,,14,403,,451,406,1220,791
2022-04-17 20:00,31,429,,292,183,,,469,163,259,64,,,251,64,,97,51,,36,335,,423,286,1151,1063
2022-04-18 20:00,37,314,,329,134,,,728,124,167,49,,,48,84,,66,59,1,75,339,,378,352,659,1165
2022-04-19 20:00,32,247,11,323,138,,,232,66,117,79,,,33,32,,91,47,,49,310,,304,421,559,1029
2022-04-20 20:00,44,534,10,245,91,,,281,124,156,65,,,256,33,,55,35,1,71,352,,435,329,906,3670
2022-04-21 20:00,65,447,,215,99,,,291,281,88,193,,,69,28,,121,86,,92,286,,354,234,952,1453
2022-04-22 20:00,51,189,2,351,134,,,384,174,145,168,,,53,77,1,105,159,,52,245,,342,232,1016,1526
2022-04-23 20:00,323,429,4,274,172,,,437,177,191,62,,,48,28,,63,61,,46,331,,414,151,985,1260
2022-04-24 20:00,58,460,2,416,210,,,478,195,148,53,,,223,42,,65,34,,56,474,,289,224,1403,1130
2022-04-25 20:00,37,560,9,433,247,,,426,111,162,51,,,177,265,,46,58,,42,296,,202,448,723,1205
2022-04-26 20:00,43,952,8,297,193,,,386,49,122,65,,,37,76,,45,21,,36,291,,255,638,611,992
2022-04-27 20:00,55,728,,487,67,,,515,204,103,86,,,53,43,,86,10,,77,342,,282,298,1045,9288
2022-04-28 20:00,29,584,3,400,114,,,201,674,126,50,,,81,58,,45,42,,33,501,,286,251,675,3100
2022-04-29 20:00,26,330,7,285,174,,,290,420,113,90,,,43,41,1,91,29,,53,400,,324,244,705,2139
2022-04-30 20:00,103,662,2,408,119,,,365,391,84,79,,,116,60,,75,44,,20,298,,373,274,499,1583
2022-05-01 20:00,26,563,,396,193,,,258,229,141,40,,,179,71,,53,78,,43,263,,293,341,511,2026
2022-05-02 20:00,39,243,3,342,126,,,240,150,133,73,,,56,37,,86,58,,81,534,,279,174,791,1730
2022-05-03 20:00,18,252,2,284,64,,,296,109,109,61,,,70,76,,57,23,,39,484,,282,277,566,1068
2022-05-04 20:00,33,392,,202,648,,,689,396,85,31,,,34,65,,56,40,,13,334,,354,344,769,3500
2022-05-05 20:00,29,421,1,573,596,,,315,774,65,149,,,127,56,,40,48,,38,329,,254,282,1558,1266
2022-05-06 20:00,20,367,4,468,724,,,363,520,94,78,,,114,78,,43,80,,13,342,,464,284,1017,1036
2022-05-07 20:00,25,528,1,377,549,4,,311,317,104,55,,,71,54,,211,41,,12,315,,379,367,835,1089
2022-05-08 20:00,12,533,,356,488,,,362,200,120,65,,,76,26,,82,85,,55,376,,341,339,535,1191
2022-05-09 20:00,44,425,,264,453,1,,381,69,87,40,,,145,51,,98,39,,26,402,,394,215,407,914
2022-05-10 20:00,77,360,5,366,475,,,385,60,138,49,,,52,42,,135,7,,100,373,,302,206,503,889
2022-05-11 20:00,54,317,,415,382,,,440,130,63,50,,,91,42,,120,16,1,79,300,,339,98,694,5296
2022-05-12 20:00,69,416,,678,412,,,453,66,94,24,,,72,34,,130,17,,14,375,,319,277,855,1910
2022-05-13 20:00,164,218,2,369,310,,,389,101,88,58,,,142,29,,95,43,,9,505,,542,224,626,1340
2022-05-14 20:00,61,271,1,497,322,1,,440,100,112,56,,,149,21,,95,63,,41,486,,496,342,708,1513
2022-05-15 20:00,97,312,,408,379,,,226,105,91,88,,,254,31,,56,54,,25,407,,401,247,716,1402
2022-05-16 20:00,73,161,,279,330,,,424,57,48,59,,,277,81,,76,38,,35,425,,316,227,661,1028
2022-05-17 20:00,120,152,,305,383,1,,392,12,61,108,,,204,71,,93,30,,65,312,,647,330,836,1092
2022-05-18 20:00,130,197,,343,265,,,444,24,124,76,,,290,37,,66,49,,27,347,,766,245,841,4372
2022-05-19 20:00,74,204,,909,284,,,304,36,167,86,,,205,80,,56,36,,73,348,,702,300,1117,2205
2022-05-20 20:00,60,247,3,561,262,,,395,64,108,45,,,167,245,1,75,34,,48,394,,971,443,752,1274
2022-05-21 20:00,110,169,,418,262,,,395,74,191,97,,,126,49,,71,77,,21,518,,866,224,610,1170
2022-05-22 20:00,89,246,1,426,248,,,224,78,153,64,,,136,48,1,36,27,,3,556,,860,284,1020,1412
2022-05-23 20:00,72,347,,333,304,,,332,69,124,74,,,223,20,,82,22,,22,487,,765,428,679,1387
2022-05-24 20:00,63,165,2,269,283,,,224,79,82,64,,,94,24,,55,53,,27,313,,775,337,885,4773
2022-05-25 20:00,106,277,1,1097,284,2,,340,43,79,64,,,110,103,,65,63,,17,367,,968,251,1082,6502
2022-05-26 20:00,104,291,1,1010,152,,,481,34,81,89,,,106,140,,32,89,,46,275,,427,306,538,2403
2022-05-27 20:00,136,267,,796,162,,,337,70,86,55,,,242,161,,28,39,,38,474,,,516,682,1723
2022-05-28 20:00,82,402,,581,295,,,340,122,76,77,,,135,142,,36,24,,41,335,,2253,319,1066,1476
2022-05-29 20:00,38,233,1,545,183,,,403,82,86,141,,,107,87,,45,54,,40,424,,13029,317,1180,1540
2022-05-30 20:00,60,402,1,465,121,,,314,26,142,104,,,206,123,,21,70,,62,529,,10522,313,830,1147
2022-05-31 20:00,46,218,,446,147,,,599,7,127,82,,,356,34,,42,26,,45,284,,8010,190,579,856
2022-06-01 20:00,39,142,7,320,287,,,498,1,121,93,,,632,44,,21,48,,40,347,,7050,225,953,1047
2022-06-02 20:00,50,180,,406,266,3,,438,5,73,72,,,3834,63,,66,75,,41,324,,6483,281,807,1060
2022-06-03 20:00,67,164,,306,264,,,668,60,86,95,,,5907,36,,34,65,,41,314,,6453,201,646,1326
2022-06-04 20:00,49,235,5,332,217,,,434,35,92,96,,,4459,41,3,31,40,,40,385,,6246,334,675,1204
2022-06-05 20:00,49,297,1,465,233,1,,304,50,130,66,,,3444,32,,48,19,,48,279,,5694,245,682,1215
2022-06-06 20:00,40,297,,568,225,,,324,10,128,70,,,2400,60,,38,44,,23,359,,4864,242,1177,964
2022-06-07 20:00,31,276,4,278,186,2,,314,122,151,78,,,2185,46,,68,42,1,34,620,,4418,193,1026,1108
2022-06-08 20:00,10,230,,245,181,,,294,17,167,120,,,3667,38,,74,105,,38,2030,,4175,308,863,970
2022-06-09 20:00,34,331,,469,167,,,327,23,104,72,,,9834,28,,54,49,,11,1905,,4218,120,663,924
2022-06-10 20:00,46,309,2,361,148,,,339,32,103,85,,,6627,30,,43,42,,25,2427,,4346,95,611,844
2022-06-11 20:00,55,304,1,446,180,,,442,18,89,78,,,4026,47,,83,77,,74,1474,,4660,205,595,1161
2022-06-12 20:00,140,308,,409,165,,,284,35,104,74,,,3129,57,,42,38,,44,1132,,3740,223,600,854
2022-06-13 20:00,123,275,,325,160,3,,350,20,178,69,,,2401,40,,43,29,,49,907,,5263,354,904,767
2022-06-14 20:00,46,192,,329,189,,,304,5,146,31,,,1988,54,,72,41,,23,866,,3997,399,662,1289
2022-06-15 20:00,69,184,1,392,205,,,228,10,117,41,,,5227,57,,59,36,,10,719,,4558,707,1129,1182
2022-06-16 20:00,56,104,2,281,369,,,316,7,84,31,,,8037,63,,64,71,,50,671,,4631,763,1837,1179
2022-06-17 20:00,48,120,1,252,237,,,260,3,99,32,,,6295,40,,31,53,,73,491,,5421,438,1026,1008
2022-06-18 20:00,23,147,,211,276,,,478,1,158,93,,,5754,30,,48,62,,51,624,,4297,283,1046,935
2022-06-19 20:00,45,57,,320,290,,,403,3,258,105,,,5568,23,,72,30,,38,645,,4261,346,1570,943
2022-06-20 20:00,37,103,1,293,375,,,327,64,95,48,,,3992,34,,87,45,,59,604,,4737,311,2065,965
2022-06-21 20:00,10,88,,307,420,,,299,30,110,38,,,2795,41,,77,73,2,20,607,,3655,313,1409,1002
2022-06-22 20:00,46,165,1,238,389,,,284,3,106,22,,29,12033,3,,79,40,,36,604,,3932,432,1852,840
2022-06-23 20:00,43,165,1,368,291,2,,221,2,125,82,,47,10966,38,,91,31,,18,318,,2977,255,1443,697
2022-06-24 20:00,37,123,20,349,228,,,376,1,53,23,,167,7879,233,1,90,51,,22,480,,3959,242,1363,880
2022-06-25 20:00,50,366,4,458,310,,,294,1,85,101,,151,5877,34,,78,29,,31,546,,3954,323,1182,950
2022-06-26 20:00,33,100,,406,184,,,250,3,172,115,,111,4924,23,,91,24,,22,384,,3863,450,1284,1292
2022-06-27 20:00,42,218,1,280,120,1,,443,18,163,69,,119,4565,66,,73,8,,54,452,,4370,259,1074,1101
2022-06-28 20:00,31,128,,314,135,1,,361,46,106,72,,101,4196,99,,123,15,,59,536,,5505,188,1239,1031
2022-06-29 20:00,28,133,3,266,170,,,273,3,93,32,,88,9396,49,,38,16,,42,433,,4859,140,990,755
2022-06-30 20:00,25,128,2,267,195,,,304,5,64,27,,96,7778,30,,81,34,,46,336,,3037,313,736,689
2022-07-01 20:00,16,197,3,327,139,,,494,4,124,114,,92,6395,31,,59,63,,58,378,,5556,295,516,723
2022-07-02 20:00,34,362,6,341,224,,,340,10,201,61,,137,5882,67,,66,47,,36,303,,15079,206,755,738
2022-07-03 20:00,,,,,,,,,,,,,,,,,,,,,,,,,,
2022-07-04 20:00,25,139,,226,204,1,,223,2,65,55,,144,5388,83,,70,103,,76,239,,13164,145,903,541
2022-07-05 20:00,29,19,,295,176,,,221,16,202,133,,143,5744,42,,28,44,,48,348,,11740,258,1142,778
2022-07-06 20:00,115,164,,402,172,,,573,3,218,66,,84,4743,15,,30,22,,15,349,,9803,299,1448,804
2022-07-07 20:00,82,61,,311,198,,,344,4,179,108,,160,21808,22,,59,18,,26,461,,7385,192,1860,585
2022-07-08 20:00,26,191,,431,134,,,371,3,167,99,,185,17623,13,,27,16,,23,435,,8135,378,1303,738
2022-07-09 20:00,37,95,1,396,206,,,400,1,170,409,,139,11697,33,,29,28,,26,292,,8971,255,1360,525
2022-07-10 20:00,73,54,7,199,219,,,312,3,215,103,,158,5968,37,,45,28,,24,309,,6126,194,2072,728
2022-07-11 20:00,85,144,,258,156,,,262,20,166,106,,135,4192,14,,64,11,,24,319,,5903,154,6916,792
2022-07-12 20:00,82,430,4,285,173,,,348,5,393,103,,110,3481,11,,80,2,1,27,455,,4533,239,2318,759
2022-07-13 20:00,79,194,3,252,685,,,682,2,201,88,,139,3124,34,,68,3,,22,403,,5007,360,1538,1052
2022-07-14 20:00,54,264,,356,357,,,579,4,686,95,,173,3294,10,,82,48,,24,483,,6306,364,1801,769
2022-07-15 20:00,121,216,,376,450,,,415,5,446,80,,193,4408,144,,71,31,,16,764,,5472,248,1743,837
2022-07-16 20:00,64,123,,324,377,,,445,3,269,45,,156,3223,69,,37,14,,9,783,,7984,256,1769,855
2022-07-17 20:00,42,83,,415,412,,,371,58,263,56,,130,2860,103,,54,64,,28,501,,9850,360,1662,882
2022-07-18 20:00,74,310,7,447,860,,,317,16,125,126,,166,2393,87,,96,20,,65,613,,4781,276,6480,679
2022-07-19 20:00,82,169,2,566,864,,,471,3,150,110,,171,2101,46,,106,27,,45,573,,6036,356,1639,724
2022-07-20 20:00,58,429,1,401,1765,,,420,47,157,101,,149,1548,24,,87,32,,19,942,,4051,485,1624,582
2022-07-21 20:00,41,180,,463,991,,,314,13,175,100,,161,3320,20,,40,52,,43,2139,,4955,456,1313,564
2022-07-22 20:00,40,162,1,553,651,,,656,4,157,173,,156,2481,17,,89,41,,15,1482,,4558,246,1258,668
2022-07-23 20:00,45,328,1,321,1065,3,,746,59,232,113,,96,3170,63,,98,32,,19,950,,6124,513,1264,705
2022-07-24 20:00,94,412,,384,955,,,313,49,421,112,,235,3362,122,,75,12,,27,710,,4241,302,970,992
2022-07-25 20:00,99,232,,330,854,,,862,4,194,192,,131,2237,59,,32,28,,41,889,,4868,500,7149,676
2022-07-26 20:00,48,129,,350,664,,,414,31,274,55,,146,1797,8,,37,24,,44,953,,5224,370,1719,546
2022-07-27 20:00,47,186,,323,975,,,362,31,168,118,,138,1676,68,1,44,22,,13,987,,4302,495,1502,473
2022-07-28 20:00,24,491,,232,872,,,363,3,228,23,,142,1941,70,,35,7,,18,445,,2632,207,1223,571
2022-07-29 20:00,47,410,3,327,592,,,301,4,214,111,,100,2165,74,,46,43,,22,347,,3214,392,858,739
2022-07-30 20:00,64,265,3,360,601,,,346,12,158,30,,111,1854,65,,85,47,,4,371,,3461,392,855,631
2022-07-31 20:00,85,163,16,282,676,,,557,4,222,38,,154,2084,40,,134,104,,18,438,,2929,354,1039,675
2022-08-01 20:00,35,219,6,275,555,1,,354,,281,28,,72,2168,20,,112,69,,39,447,,3194,420,8153,779
2022-08-02 20:00,21,288,1,373,759,,,351,41,228,33,,80,120,13,,44,84,,9,458,,5105,282,1974,835
2022-08-03 20:00,,,,,,,,,,,,,,,,,,,,,,,,,,
2022-08-04 20:00,24,274,3,369,571,,,234,3,178,47,,115,,9,,47,53,,19,518,,3149,279,2098,772
2022-08-05 20:00,73,254,4,294,502,,,184,4,196,32,,103,,3,3,41,78,,8,504,,3183,236,1378,948
2022-08-06 20:00,42,168,21,547,777,,,396,15,261,30,,102,,18,,98,33,,9,448,,3243,258,1209,903
2022-08-07 20:00,10,272,4,576,540,,,383,3,409,54,,89,1274,41,,96,4,,26,315,,3890,273,1430,637
2022-08-08 20:00,28,150,,406,790,,,823,12,193,43,,94,1374,17,,87,17,,26,347,,2540,256,6785,612
2022-08-09 20:00,41,126,7,354,762,,,661,29,157,106,,76,1269,10,,111,45,,13,587,,1892,251,2725,571
2022-08-10 20:00,51,178,,370,955,7,,557,16,208,101,,164,2109,3,,72,63,,28,362,,2188,300,3075,827
2022-08-11 20:00,51,271,10,428,677,2,,448,,148,64,,115,1449,5,,145,65,,16,369,,1761,259,2035,569
2022-08-12 20:00,125,245,2,370,580,1,,500,1,194,91,,155,1145,17,,132,39,,19,383,,1969,374,1326,665
2022-08-13 20:00,116,180,2,353,813,,,796,2,319,121,,67,1371,44,,120,29,,4,749,,2531,483,976,560
2022-08-14 20:00,55,228,1,426,781,,,464,10,384,138,,77,1412,64,1,75,31,,19,367,,2795,549,1243,799
2022-08-15 20:00,87,158,,274,1029,,,301,7,179,87,,93,1080,18,,119,38,,23,641,,2196,383,6721,564
2022-08-16 20:00,32,135,,350,978,,,289,13,202,69,,118,915,29,,68,54,,16,651,,1932,202,1891,615
2022-08-17 20:00,38,116,1,283,1078,,,231,34,149,81,,103,869,51,,99,65,1,,654,,2170,306,1534,504
2022-08-18 20:00,35,260,8,286,1859,2,,401,31,215,45,,56,923,63,,109,48,,2,511,,1636,239,1471,865
2022-08-19 20:00,35,404,1,409,1348,4,,362,10,91,91,,75,1300,39,,159,20,1,5,472,,1976,319,1631,505
2022-08-20 20:00,14,196,,332,2347,1,,478,,158,55,,123,1214,48,,79,8,,73,406,,1846,353,955,909
2022-08-21 20:00,25,283,,430,13638,,,445,,198,86,,74,1203,8,,64,73,,43,1128,,1737,3397,1064,667
2022-08-22 20:00,89,345,2,723,6333,,,765,2,138,39,,45,570,19,,62,76,,17,591,,1504,1752,8242,631
2022-08-23 20:00,67,398,,385,3883,2,,339,,182,44,,74,790,5,,52,66,,29,543,,1336,1227,2443,700
2022-08-24 20:00,39,763,,375,3466,1,,296,12,228,38,,86,976,22,,65,26,,24,595,,2201,1207,1815,527
2022-08-25 20:00,32,378,,367,2198,,,403,25,156,123,,47,1180,,,53,16,,3,577,,1372,530,1555,646
2022-08-26 20:00,55,365,,334,2571,,,487,,147,89,,47,1097,,,91,17,,19,936,,1573,660,1314,609
2022-08-27 20:00,18,287,4,434,9347,,,418,4,155,76,,66,615,26,1,96,27,,25,576,,1577,2575,1507,536
2022-08-28 20:00,15,287,,299,6488,,,489,6,295,73,,38,980,17,,108,68,,15,685,,1542,1597,5853,519
2022-08-29 20:00,13,234,2,385,3712,,,359,17,243,49,,33,1125,2,,87,26,1,21,1077,,1440,1372,2009,578
2022-08-30 20:00,,,,,,,,,,,,,,,,,,,,,,,,,,
2022-08-31 20:00,14,191,,303,3705,,,299,30,178,28,,33,747,13,,77,19,,15,1169,,1429,1025,1381,599
2022-09-01 20:00,15,108,1,308,2637,1,,165,24,161,64,,18,817,6,,34,34,,37,1719,,1452,718,1683,491
2022-09-02 20:00,19,325,,357,2843,,,245,28,149,50,,41,1056,7,,75,26,,45,1786,,1515,649,1229,412
2022-09-03 20:00,9,243,,225,3070,,,311,7,150,12,,29,774,,,53,26,,96,1340,,1814,1075,877,442
2022-09-04 20:00,31,416,,319,9737,,,256,5,230,55,,14,975,58,,99,53,,82,1058,,1049,2058,973,423
2022-09-05 20:00,5,356,4,407,6877,,,572,3,152,51,,17,1304,11,,53,37,,135,1128,,1622,2171,6503,595
2022-09-06 20:00,45,267,12,472,4065,,,194,2,131,93,,35,1371,51,2,53,34,,35,940,,1267,1911,8565,463
2022-09-07 20:00,56,319,4,317,3187,,,216,1,130,89,,12,1242,18,,42,65,,23,820,,1465,1115,3503,378
2022-09-08 20:00,22,286,,268,2857,,,389,14,135,55,,45,646,19,,34,28,,24,654,,1051,871,3482,438
2022-09-09 20:00,13,170,,276,2804,,,234,10,133,38,,25,787,19,,79,23,,26,1099,,845,846,1409,460
2022-09-10 20:00,13,207,,303,2740,,,246,3,112,65,,42,947,142,,37,15,,49,911,,1031,864,1224,448
2022-09-11 20:00,14,110,,460,12827,,,452,,127,43,,40,609,31,1,48,20,,29,914,,1458,1984,1190,457
2022-09-12 20:00,12,197,,320,6960,,,355,2,602,164,,26,566,38,,54,30,2,25,1026,,982,1759,1618,423
2022-09-13 20:00,28,216,1,386,4860,,,231,9,309,85,,34,734,8,,60,51,,24,673,,914,1359,8891,350
2022-09-14 20:00,26,207,1,392,4192,,,174,6,289,97,,58,402,40,,74,49,,45,577,,1142,1251,4418,412
2022-09-15 20:00,38,97,1,346,3464,,,425,,166,78,,62,419,10,,59,22,,33,747,,1637,1155,2305,507
2022-09-16 20:00,11,181,1,281,3576,,,372,2,146,109,,16,314,9,1,36,22,,25,711,,1654,1340,1313,408
2022-09-17 20:00,24,284,2,253,2753,,,679,5,229,84,,8,534,80,9,51,50,,11,708,,797,1009,1052,503
2022-09-18 20:00,20,128,,193,15367,,,228,5,240,60,,38,580,22,,46,43,,15,576,,1098,2250,824,572
2022-09-19 20:00,38,162,1,218,9738,,,317,,149,98,,44,677,18,,32,27,,14,558,,1048,1479,1485,451
2022-09-20 20:00,24,171,1,337,7339,,,577,,172,100,,28,1533,5,1,29,9,,26,684,,826,1302,18029,454
2022-09-21 20:00,14,136,,273,5610,,,262,2,412,114,,5,525,58,1,22,28,1,5,718,,1423,1057,3416,2974
2022-09-22 20:00,77,83,,274,3738,,,604,23,158,142,,36,401,32,4,14,16,,2,584,,1263,796,2906,1026
2022-09-23 20:00,8,15,,60,716,,,89,1,15,11,,5,93,2,,9,7,,2,109,,126,197,572,125
2022-09-24 20:00,3,7,,33,349,,,22,,11,5,,1,50,7,,3,9,,,49,,105,61,150,55
2022-09-25 20:00,4,11,,46,1649,,,29,,14,2,,,71,3,,6,4,,10,76,,82,217,110,55
2022-09-26 20:00,76,193,,307,10112,,,200,2,212,79,,8,916,16,,40,44,,33,945,,696,1678,1782,526
2022-09-27 20:00,71,104,,249,7072,,,463,2,151,68,,29,538,12,,57,34,,56,1062,,959,1310,6026,629
2022-09-28 20:00,42,200,,259,7483,9,,292,1,116,73,,15,710,10,,43,28,1,86,929,,1067,792,1858,2555
2022-09-29 20:00,18,130,,259,5166,,,325,3,185,159,,24,561,14,1,54,21,,59,1045,,846,933,1453,728
2022-09-30 20:00,22,169,1,316,4500,,,246,1,117,149,,5,525,12,1,63,50,,29,454,,698,1169,1141,749
2022-10-01 20:00,24,182,1,317,4855,,,328,4,143,119,,28,482,5,1,65,33,,6,759,,749,1027,1052,591
2022-10-02 20:00,31,145,4,301,22458,,,179,4,148,73,,39,320,9,1,22,69,,8,575,,596,2591,1051,474
2022-10-03 20:00,45,109,,280,12394,,,145,6,303,44,,10,334,10,,29,25,,57,755,,525,1852,5006,528
2022-10-04 20:00,24,95,,279,8551,,,225,5,188,41,,24,383,13,2,32,58,1,11,411,,701,1285,4791,425
2022-10-05 20:00,88,188,,411,6547,,,374,2,237,62,,12,459,28,,40,17,,37,355,,716,1787,1598,2148
2022-10-06 20:00,41,149,2,849,6063,,,171,,192,66,,16,380,78,,17,57,3,28,335,,478,1109,1176,677
2022-10-07 20:00,34,97,1,622,5131,,,238,2,128,89,,23,356,5,1,41,47,1,2,466,,532,1020,1196,459
2022-10-08 20:00,31,68,1,318,5494,4,,276,75,222,121,,54,661,5,,34,27,,38,503,,635,942,790,464
2022-10-09 20:00,23,75,1,370,23107,,,203,24,185,108,,1,610,20,,18,34,,20,335,,451,2438,797,417
2022-10-10 20:00,37,92,,288,12002,,,257,47,246,72,,14,539,27,,38,34,,29,376,,572,2111,5137,470
2022-10-11 20:00,23,184,1,280,8292,,,228,15,246,143,,16,771,15,,28,29,,7,787,,592,1264,5366,597
2022-10-12 20:00,34,179,21,492,6837,1,,183,8,292,61,,24,637,10,,47,12,,8,573,,664,1427,1910,2154
2022-10-13 20:00,27,154,1,673,6623,,,284,1,204,109,,27,642,38,,50,16,,15,639,,744,1352,1264,710
2022-10-14 20:00,33,223,1,482,5259,,,495,26,277,54,,34,828,53,1,27,1,,86,416,,561,1030,1528,433
2022-10-15 20:00,38,116,,270,6607,,,384,22,179,49,,14,531,8,,36,39,,26,471,,546,1854,783,423
2022-10-16 20:00,36,154,,353,26981,3,,415,10,401,40,,21,443,23,,33,55,,31,614,,625,3140,1101,526
2022-10-17 20:00,75,128,1,341,12363,,,309,24,238,61,,22,280,38,1,25,42,,26,623,,738,1517,5252,514
2022-10-18 20:00,37,114,1,370,10008,,,226,8,191,95,,8,335,3,,24,30,,8,395,,613,1754,4571,848
2022-10-19 20:00,48,95,22,454,7685,2,,261,9,179,57,,20,470,8,,32,7,,29,524,,451,1812,1632,2182
2022-10-20 20:00,37,104,2,724,6473,1,,353,2,168,87,,20,954,11,,31,22,,36,351,,624,1242,1374,475
2022-10-21 20:00,72,140,,574,10329,,,338,3,305,98,,25,1015,13,,29,60,,16,348,,891,1322,999,438
2022-10-22 20:00,38,84,2,473,6392,,,181,2,100,68,,26,341,56,,8,25,,30,410,,875,1124,618,502
2022-10-23 20:00,32,53,,419,25863,1,,359,32,425,28,,9,597,81,1,33,23,,25,263,,404,3380,1048,490
2022-10-24 20:00,23,141,,309,11195,,,543,26,263,57,,31,465,36,,20,24,,14,288,,466,2257,4047,487
2022-10-25 20:00,26,115,,449,7793,,,198,5,234,53,,17,383,17,4,29,43,,26,460,,331,1772,5605,594
2022-10-26 20:00,40,204,,310,7304,,,403,2,186,110,,15,468,12,1,43,40,,28,328,,497,1067,2347,2896
2022-10-27 20:00,9,144,,614,6341,,,306,2,277,69,,25,386,42,,33,35,,38,432,,643,1887,1491,810
2022-10-28 20:00,23,147,9,326,4571,,,253,5,386,67,,18,625,23,,50,48,,26,283,,592,1326,1284,574
2022-10-29 20:00,31,163,2,314,4841,3,,355,34,162,97,,8,487,23,5,47,29,,32,363,,504,1990,2904,476
2022-10-30 20:00,59,188,1,361,5424,,,248,10,329,52,,42,378,34,45,41,33,,31,463,,493,1035,1655,405
2022-10-31 20:00,53,129,2,316,6284,,,279,3,202,70,,24,427,64,27,31,55,,41,415,,567,958,3842,539
2022-11-01 20:00,25,58,,341,5329,,,287,4,150,43,,13,433,17,13,43,26,,60,385,,397,1082,4992,523
2022-11-02 20:00,23,114,,322,4817,,,245,7,178,80,,37,323,46,7,40,29,1,46,297,,456,1341,1360,2721
2022-11-03 20:00,15,171,,815,4199,,,225,2,226,101,,9,346,19,9,42,53,,20,313,,544,1179,1508,852
2022-11-04 20:00,22,165,3,397,4130,,,219,11,364,56,,8,216,76,11,27,58,,58,352,,472,1012,2021,836
2022-11-05 20:00,9,144,,287,4282,,,223,2,354,86,,14,476,71,5,69,38,,67,345,,715,1462,1381,561
2022-11-06 19:00,35,197,3,500,6228,,,235,1,217,148,,6,339,38,131,39,23,,78,374,,608,1580,1534,627
2022-11-07 19:00,32,184,5,477,4172,1,,209,2,459,177,,7,280,38,62,29,41,,68,322,,714,1153,4824,627
2022-11-08 19:00,42,150,3,300,3026,,,206,6,232,70,,4,337,34,44,22,22,,45,255,,711,1194,1226,493
2022-11-09 19:00,23,153,,281,3215,,,224,3,249,53,,5,234,25,18,20,25,,47,248,,455,1180,1119,2311
2022-11-10 19:00,8,205,,732,2512,,,176,2,254,114,,1,305,14,14,49,14,,42,220,,732,1323,993,852
2022-11-11 19:00,6,165,10,465,2381,,,325,1,254,63,,13,362,39,29,17,38,,62,474,,988,1797,457,623
2022-11-12 19:00,14,327,1,458,2393,,,281,33,153,51,,20,333,38,19,26,43,,151,300,,617,1204,720,598
2022-11-13 19:00,14,218,,369,2312,,,234,2,332,21,,3,437,49,323,20,27,,1851,201,,753,1269,671,712
2022-11-14 19:00,20,174,,238,2289,,,166,14,263,61,,1,627,26,126,24,29,,521,223,,603,1537,3499,768
2022-11-15 19:00,33,101,2,255,4283,,,200,9,216,60,,7,552,20,125,67,31,,406,343,,565,1142,4360,1158
2022-11-16 19:00,54,98,13,286,2829,,,216,5,195,59,,2,359,14,79,25,52,,369,322,,542,905,1527,2251
2022-11-17 19:00,43,118,16,266,2504,2,,259,,256,80,,10,352,21,70,36,12,,217,450,,300,1258,1391,979
2022-11-18 19:00,102,186,2,375,2745,2,,715,2,249,115,,22,300,45,91,63,20,,199,311,,443,1182,1161,556
2022-11-19 19:00,54,160,7,300,2527,,,253,,389,59,,18,277,12,59,35,13,,387,479,,485,1023,818,623
2022-11-20 19:00,26,128,1,341,2509,,,187,4,172,92,,19,258,25,501,28,16,,606,480,,443,975,1913,593
2022-11-21 19:00,24,142,2,250,2066,,,173,7,100,164,,23,265,29,255,31,24,1,289,484,,396,730,5572,744
2022-11-22 19:00,21,240,1,325,2322,,,199,2,96,35,,5,255,18,184,37,28,5,202,298,,401,1011,5910,1441
2022-11-23 19:00,35,122,,246,2680,,,257,1,122,39,,5,298,22,149,45,41,28,142,325,,461,619,2277,1447
2022-11-24 19:00,25,110,,223,2218,,,258,2,230,42,,9,750,17,94,81,34,40,109,324,,324,865,1546,950
2022-11-25 19:00,23,140,,259,1857,,,239,3,221,38,,25,378,17,67,89,46,98,270,316,,375,806,1337,723
2022-11-26 19:00,16,100,2,251,1450,,,361,1,336,20,,8,272,17,274,57,33,134,495,337,,362,599,1114,723
2022-11-27 19:00,14,161,,331,1790,,,386,3,254,27,,9,194,17,1487,42,14,157,699,284,,305,791,1312,648
2022-11-28 19:00,27,221,2,304,2685,,,217,11,310,40,,9,155,41,710,40,15,189,379,469,,375,668,1569,899
2022-11-29 19:00,36,158,12,333,2117,,,204,1,212,77,,7,143,46,566,33,32,176,341,428,,480,488,1937,2431
2022-11-30 19:00,37,186,4,334,1788,,,232,8,201,71,,18,549,47,489,30,56,149,244,615,,542,891,1613,1487
2022-12-01 19:00,127,116,1,305,1828,,,244,5,212,50,,11,316,41,347,53,17,162,166,631,,368,1560,1134,888
2022-12-02 19:00,84,98,,313,2562,,,395,,209,70,,21,322,24,257,88,19,147,175,867,,335,804,1090,649
2022-12-03 19:00,17,155,5,326,2278,,,308,3,140,57,,5,385,39,1042,50,38,239,586,768,,287,807,867,591
2022-12-04 19:00,63,139,18,272,2057,,,331,3,176,28,,10,411,52,2170,52,39,175,755,527,,320,729,936,625
2022-12-05 19:00,52,82,1,376,1579,,,323,9,244,46,,15,226,32,1396,55,26,153,514,508,,517,1181,1112,710
2022-12-06 19:00,49,64,3,317,1953,,,315,1,290,98,,13,298,10,766,134,68,167,455,358,,358,826,1223,2822
2022-12-07 19:00,58,106,6,271,1976,2,,172,9,194,91,,15,552,4,791,86,47,132,321,489,,398,1009,758,2448
2022-12-08 19:00,41,75,,274,1747,,,278,2,272,42,,7,430,9,836,74,14,138,224,502,,478,864,661,1232
2022-12-09 19:00,30,197,,319,2060,,,530,1,154,66,,24,366,25,670,118,61,193,208,407,,595,905,524,1185
2022-12-10 19:00,22,148,8,300,2095,,,180,1,232,66,,22,299,42,3210,93,73,146,665,312,,456,677,450,811
2022-12-11 19:00,35,125,10,249,1815,1,,200,4,220,46,,13,246,15,4048,107,40,161,755,413,,362,562,479,865
2022-12-12 19:00,63,106,1,328,1658,,,246,5,252,44,,11,339,43,1999,89,47,136,431,385,,353,598,412,858
2022-12-13 19:00,48,73,4,334,2231,5,,373,5,208,36,,12,344,11,1304,83,36,102,337,568,,498,434,420,9507
2022-12-14 19:00,77,176,,347,1856,,,376,1,258,50,,31,257,35,876,92,60,136,307,456,,597,703,901,5146
2022-12-15 19:00,105,120,8,232,1648,,,373,1,367,64,,21,168,40,748,75,17,114,249,544,,619,726,705,3621
2022-12-16 19:00,86,62,2,267,1255,,,461,9,316,98,,8,217,30,832,75,22,141,219,438,,595,1111,424,2546
2022-12-17 19:00,21,108,,222,1224,,,495,15,232,121,,8,174,94,550,92,64,120,615,487,,474,694,601,1641
2022-12-18 19:00,48,174,,259,1322,,,383,2,185,99,,3,288,58,472,65,27,102,710,552,,566,724,695,1249
2022-12-19 19:00,87,135,,237,1415,,,352,2,289,56,,3,187,37,463,87,37,77,428,646,,471,563,425,1062
2022-12-20 19:00,95,169,,312,1377,,,450,2,210,50,,9,371,26,432,151,21,121,309,895,,477,699,452,882
2022-12-21 19:00,51,179,,306,1435,,,617,4,167,17,,11,240,24,545,179,29,70,273,686,,798,705,654,717
2022-12-22 19:00,53,117,,306,1280,1,,431,18,142,57,,9,229,34,539,93,25,117,298,574,,979,810,614,966
2022-12-23 19:00,31,124,,378,1172,,,389,29,129,46,,4,270,33,526,94,58,112,201,712,,600,778,442,1109
2022-12-24 19:00,19,182,,377,1730,,,370,7,139,36,,3,492,35,354,58,38,100,208,505,,426,689,423,1088
2022-12-25 19:00,18,115,2,300,1264,3,,357,2,161,73,,17,377,14,575,96,55,117,262,569,,427,520,430,854
2022-12-26 19:00,31,106,9,261,956,1,,336,2,287,91,,9,213,36,578,107,73,140,201,659,,366,678,365,971
2022-12-27 19:00,15,128,14,302,1432,,,317,,242,91,,10,255,19,513,95,53,120,243,652,,517,708,402,974
2022-12-28 19:00,27,136,1,268,1373,,,345,5,301,51,,6,300,41,396,52,36,144,224,557,,504,623,556,852
2022-12-29 19:00,27,167,11,284,1683,,,388,,392,69,,5,335,49,462,86,53,101,197,326,,469,713,295,720
2022-12-30 19:00,55,188,1,251,1238,,,296,6,310,94,,5,270,31,391,90,52,91,161,690,,613,859,393,642
2022-12-31 19:00,29,130,,247,1081,,,270,9,195,101,,15,141,46,438,110,37,87,765,645,,470,656,605,623
2023-01-01 19:00,61,194,,315,1611,,,322,2,186,99,,16,74,25,316,102,40,52,580,558,,454,703,445,547
2023-01-02 19:00,36,166,1,302,1525,,,412,1,208,71,,13,225,23,371,98,59,69,444,547,,335,901,505,492
2023-01-03 19:00,26,150,22,309,1274,,,350,3,175,45,,26,138,59,303,102,85,71,294,1439,,337,612,865,730
2023-01-04 19:00,28,121,4,312,1273,,,219,,182,46,,16,161,8,301,68,95,82,263,810,,501,752,841,445
2023-01-05 19:00,16,262,3,376,1467,,,270,22,210,119,,8,136,13,266,80,37,108,224,900,,724,945,730,596
2023-01-06 19:00,11,245,2,337,1182,,,736,,297,78,,11,159,20,361,44,53,118,195,908,,577,600,278,691
2023-01-07 19:00,9,106,1,288,1175,,,485,19,287,59,,13,172,126,213,73,48,113,195,712,,287,533,568,651
2023-01-08 19:00,9,169,3,407,983,,,421,25,309,94,,12,187,43,362,67,177,62,253,910,,339,688,610,814
2023-01-09 19:00,4,127,1,319,1458,,,669,18,414,55,,26,168,36,288,90,105,89,161,811,,265,738,600,827
2023-01-10 19:00,35,163,3,273,1594,,,323,17,213,86,,46,245,48,365,69,78,83,193,757,,290,950,653,856
2023-01-11 19:00,6,168,,282,1346,,,276,10,235,66,,41,208,37,260,67,29,44,129,813,,276,734,858,751
2023-01-12 19:00,42,129,1,235,1441,,,263,24,250,79,,35,355,59,235,361,75,96,90,798,,426,791,864,700
2023-01-13 19:00,61,133,2,213,1255,,,327,1,334,93,,16,235,56,255,192,66,68,136,1703,,331,775,709,451
2023-01-14 19:00,37,94,1,270,1236,,,320,3,258,99,,27,205,56,410,154,47,65,191,6436,1,455,765,633,644
2023-01-15 19:00,36,124,1,366,1141,,,378,10,138,39,,15,297,263,230,166,58,101,159,4617,,349,919,526,895
2023-01-16 19:00,,,,,,,,,,,,,,,,,,,,,,,,,,
2023-01-17 19:00,24,95,3,265,1155,1,,389,19,219,49,,29,228,190,272,183,92,95,216,2942,,322,856,515,801
2023-01-18 19:00,37,155,3,296,1102,,,354,15,332,118,,32,152,65,229,152,68,77,142,1916,,370,1060,572,526
2023-01-19 19:00,41,142,18,307,979,,,424,2,138,100,,17,152,99,177,86,55,142,106,1885,,394,899,552,565
2023-01-20 19:00,27,65,8,412,1248,,,447,8,210,46,,20,259,70,174,150,58,67,141,2112,,332,623,604,577
2023-01-21 19:00,32,100,1,355,1096,,,348,29,259,75,,20,247,146,203,142,43,79,138,1550,,474,520,416,504
2023-01-22 19:00,38,202,1,261,953,,,524,34,165,76,,17,121,68,342,149,62,80,111,7600,,465,596,455,557
2023-01-23 19:00,22,242,3,302,1016,1,,672,35,255,85,,18,161,54,303,141,102,54,144,4742,,468,617,4389,647
2023-01-24 19:00,16,102,,285,972,3,,709,17,171,125,,24,123,49,255,132,103,60,118,2467,,492,715,1217,689
2023-01-25 19:00,10,126,9,262,815,1,,491,3,259,130,,35,188,51,224,70,21,46,112,2098,2,417,764,766,597
2023-01-26 19:00,66,144,1,340,1187,2,4,301,10,517,75,,45,145,81,194,111,54,74,116,1955,41,298,899,875,676
2023-01-27 19:00,35,203,,397,946,,15,403,18,275,82,,19,113,59,153,98,56,36,152,2363,60,355,850,824,599
2023-01-28 19:00,36,434,1,307,1054,,15,569,20,231,95,,25,308,62,101,87,83,45,116,2124,85,486,1076,1089,473
2023-01-29 19:00,14,149,10,427,1534,,8,390,74,289,55,,23,212,108,177,77,64,37,140,12985,64,568,696,645,956
2023-01-30 19:00,17,241,1,271,981,1,5,375,43,216,98,,26,160,23,105,120,76,39,90,8262,61,443,944,4375,964
2023-01-31 19:00,24,196,,306,934,,3,266,42,170,85,,6,153,77,159,157,83,45,128,4518,65,721,1120,1340,1476
2023-02-01 19:00,23,148,7,260,1447,,,470,32,170,92,,21,150,87,118,228,133,44,79,3005,51,582,824,1347,852
2023-02-02 19:00,27,175,,264,862,1,17,366,12,249,163,,14,211,41,162,125,108,67,87,2563,130,444,684,1193,862
2023-02-03 19:00,25,165,,247,1289,,35,620,8,302,94,,4,450,43,185,136,86,43,166,1935,120,746,985,894,982
2023-02-04 19:00,47,152,,275,1210,1,25,413,30,204,80,,23,238,50,266,144,109,54,71,2650,128,449,1033,438,1854
2023-02-05 19:00,25,186,,315,1036,,8,610,35,197,56,,7,242,58,195,129,102,55,79,7965,63,577,799,771,1594
2023-02-06 19:00,13,180,1,302,1146,4,10,411,15,217,56,,20,147,93,140,155,95,40,206,3583,56,479,536,4823,1704
2023-02-07 19:00,13,112,1,291,842,,3,653,26,264,63,,11,250,78,68,109,122,40,145,2275,58,314,655,1442,669
2023-02-08 19:00,21,163,,192,895,4,5,1056,28,278,73,,44,101,31,101,158,465,34,131,1961,32,266,959,957,566
2023-02-09 19:00,26,107,1,186,731,,30,693,76,160,153,,38,242,47,132,155,1412,21,90,1700,124,462,627,596,675
2023-02-10 19:00,19,79,2,235,666,1,27,802,32,204,61,,19,181,81,101,117,1358,46,111,7025,80,507,601,657,484
2023-02-11 19:00,17,99,5,252,833,,26,656,41,206,106,,10,184,89,40,122,1270,53,78,4144,46,561,889,556,2432
2023-02-12 19:00,33,115,,250,656,,2,461,9,148,130,,26,213,69,30,85,882,89,59,2872,28,405,438,416,2078
2023-02-13 19:00,18,227,1,401,606,,10,730,30,253,180,,12,237,129,38,93,825,42,62,2717,39,349,739,3394,2095
2023-02-14 19:00,25,212,2,269,894,9,17,448,26,178,211,,12,80,109,45,85,806,41,35,1719,17,334,723,1141,741
2023-02-15 19:00,47,211,,285,938,3,21,886,162,138,184,,30,300,132,38,124,575,35,86,2099,32,311,676,1033,515
2023-02-16 19:00,43,107,1,320,758,7,25,893,435,139,155,,27,181,73,37,62,454,17,65,1512,97,290,609,960,485
2023-02-17 19:00,54,101,2,328,597,10,39,723,330,279,106,,13,179,73,50,141,466,21,64,1293,89,384,818,829,434
2023-02-18 19:00,43,126,1,342,553,3,20,666,254,212,77,,6,181,103,59,77,457,46,61,1206,55,265,878,547,2024
2023-02-19 19:00,39,129,,298,592,3,8,952,212,145,42,,4,138,90,93,62,415,18,86,7082,38,377,833,730,1424
2023-02-20 19:00,88,311,,305,1112,3,3,803,108,307,168,,1,172,82,52,74,362,20,80,4273,73,350,768,4514,1569
2023-02-21 19:00,47,143,1,296,725,,5,876,150,341,163,,2,243,60,65,111,405,17,64,2576,38,361,1017,1453,531
2023-02-22 19:00,17,100,,286,795,,5,710,282,304,76,,5,276,86,84,63,330,37,69,2172,32,268,905,1248,432
2023-02-23 19:00,24,168,1,848,913,16,88,582,379,848,114,25,1,160,118,52,100,209,20,54,1854,177,256,706,904,507
2023-02-24 19:00,15,124,8,502,771,44,53,604,398,397,62,67,3,128,133,39,104,308,31,66,1859,108,283,675,1126,536
2023-02-25 19:00,44,97,3,375,782,15,32,514,215,247,76,72,9,67,123,72,54,279,33,81,1393,74,298,671,601,1359
2023-02-26 19:00,19,195,,292,617,14,14,651,147,250,151,92,22,77,122,97,97,234,39,66,7211,40,335,845,475,1983
2023-02-27 19:00,62,106,,288,834,31,13,570,120,342,247,62,5,204,117,63,46,286,26,87,3902,28,345,785,4812,1455
2023-02-28 19:00,23,258,,359,698,25,14,551,114,213,175,37,1,153,1038,39,80,257,31,86,2206,25,433,725,1506,513
2023-03-01 19:00,70,357,,198,865,18,7,1065,376,609,135,24,5,103,1195,60,139,206,24,77,1591,41,350,601,1253,4366
2023-03-02 19:00,27,150,,482,579,26,36,809,747,626,108,21,26,142,595,14,127,176,54,79,1767,224,174,533,903,1304
2023-03-03 19:00,34,153,,340,952,62,59,682,595,415,155,28,6,89,493,25,126,318,26,65,1704,158,327,723,715,735
2023-03-04 19:00,29,124,1,516,876,26,17,1002,488,443,148,35,9,115,283,74,164,203,29,35,1519,86,282,640,543,1574
2023-03-05 19:00,50,129,,424,839,26,14,703,306,388,155,21,30,97,311,55,173,221,21,104,9110,47,615,617,624,1753
2023-03-06 19:00,36,87,1,338,913,16,20,410,190,523,202,19,6,97,261,92,155,196,15,50,3712,36,388,478,4036,1768
2023-03-07 19:00,29,110,6,471,873,8,11,606,175,510,195,35,14,148,1594,34,140,291,16,63,2469,49,265,754,973,653
2023-03-08 19:00,17,156,,390,720,9,6,1041,445,359,89,17,11,93,1864,7,293,1055,64,88,1878,47,243,700,909,2740
2023-03-09 19:00,29,134,,468,754,28,66,990,762,301,184,12,5,176,1174,76,360,2479,36,83,1721,228,345,858,971,856
2023-03-10 19:00,22,117,4,339,727,48,43,835,516,334,128,14,,65,744,30,242,2173,56,44,1498,161,315,832,847,787
2023-03-11 19:00,17,113,2,210,895,27,17,584,373,573,200,11,7,104,518,23,290,1710,54,51,1973,61,432,489,523,1347
2023-03-12 20:00,14,160,,290,566,17,7,525,291,409,164,22,29,87,308,61,216,1312,46,73,11415,43,285,800,482,1254
2023-03-13 20:00,29,134,,225,853,2,16,555,205,362,260,8,3,168,284,16,227,1203,42,53,4076,21,352,810,4034,458
2023-03-14 20:00,17,81,3,258,868,15,4,507,186,339,1402,19,4,181,2107,10,229,849,21,34,3187,36,204,586,3175,476
2023-03-15 20:00,19,61,,290,642,6,12,496,652,365,908,5,11,165,2113,16,234,728,28,25,2343,35,226,573,1165,2024
2023-03-16 20:00,31,70,7,599,684,36,77,588,806,489,541,9,17,194,1084,47,318,752,46,60,2699,18,232,847,768,1110
2023-03-17 20:00,28,102,2,500,937,44,63,696,655,339,490,8,7,298,745,55,362,706,64,15,1823,17,169,622,904,845
2023-03-18 20:00,182,149,,344,1274,13,43,992,367,616,594,12,5,168,572,38,374,693,30,15,1534,19,721,953,632,1747
2023-03-19 20:00,71,155,1,352,758,26,25,715,406,561,344,13,18,210,569,51,599,697,63,17,1376,30,408,686,1116,1299
2023-03-20 20:00,60,101,7,286,691,7,19,906,291,694,388,5,27,166,478,50,371,475,60,48,1206,26,363,642,6722,578
2023-03-21 20:00,28,82,3,309,446,10,19,695,225,618,1604,8,11,147,2020,41,434,485,57,56,1498,19,235,589,1457,1311
2023-03-22 20:00,44,100,,399,757,9,18,1117,822,526,1237,5,4,124,1712,28,577,648,80,32,1287,17,278,562,946,2376
2023-03-23 20:00,65,77,,684,733,27,196,943,1159,770,664,19,4,246,1226,49,2802,625,73,49,922,20,431,688,885,934
2023-03-24 20:00,14,142,,519,744,31,140,841,632,724,462,23,1,209,998,47,2681,711,53,114,1273,27,577,673,753,990
2023-03-25 20:00,22,136,,458,938,26,91,707,458,1492,546,5,2,220,768,95,1578,533,52,67,1244,13,293,625,703,1797
2023-03-26 20:00,20,64,,461,848,9,61,627,364,6073,424,2,3,284,664,90,1816,463,63,53,1186,25,327,604,3816,2278
2023-03-27 20:00,26,70,1,331,913,17,48,802,369,2177,477,3,11,261,462,113,1201,364,47,67,1935,10,367,677,6432,1081