,Black Mirror,Euphoria,Foundation,Grey's Anatomy,House of the Dragon,Party Down,Shrinking,South Park,Star Trek: Picard,Succession,Ted Lasso,The Consultant,The Bear,The Boys,The Mandalorian,The White Lotus,Yellowjackets,You,Wednesday,Yellowstone,The Last of Us,Poker Face,Stranger Things
2022-03-27 20:00,5,49,,54,7,,,1,8,13,9,,,8,7,,16,4,,5,33,,21
2022-03-28 20:00,2,33,,45,11,,,,3,16,11,,,6,6,,10,8,,11,30,,24
2022-03-29 20:00,8,27,3,37,108,,,,4,12,3,,,3,6,,12,12,,6,28,,5
2022-03-30 20:00,,,,,,,,,,,,,,,,,,,,,,,
2022-03-31 20:00,5,25,,57,40,,,,18,17,12,,,4,5,1,5,5,,1,41,,24
2022-04-01 20:00,3,17,,48,22,1,,,11,22,11,,,6,11,,8,15,,4,29,,17
2022-04-02 20:00,3,16,1,35,18,,,,4,18,11,,,6,8,,7,10,,3,29,,16
2022-04-03 20:00,3,21,,39,17,,,,3,10,13,,,5,8,,16,3,,7,31,,13
2022-04-04 20:00,3,20,,52,9,,,,3,18,8,,,6,6,,9,6,,6,28,,14
2022-04-05 20:00,5,20,,30,11,,,,6,7,11,,,1,5,,10,12,,2,30,,23
2022-04-06 20:00,3,15,,55,14,,,,6,9,10,,,9,4,,5,11,2,3,25,,26
2022-04-07 20:00,3,25,,56,16,,,,11,13,5,,,3,3,1,7,2,,5,33,,15
2022-04-08 20:00,5,32,,54,14,,,,14,13,3,,,3,4,,10,4,,4,42,,14
2022-04-09 20:00,2,28,,41,16,,,,5,8,4,,,5,3,,16,5,,2,31,,23
2022-04-10 20:00,6,14,,27,18,,,,1,8,8,,,8,5,,11,5,,1,32,,35
2022-04-11 20:00,2,6,,33,8,,,,6,10,6,,,6,8,,14,,,2,25,,127
2022-04-12 20:00,3,18,,40,9,,,,2,8,12,,,4,9,,7,3,,2,27,,230
2022-04-13 20:00,6,13,,47,13,,,,9,17,7,,,1,5,,7,9,,7,18,,71
2022-04-14 20:00,5,12,,35,4,,,,6,18,16,,,3,6,,7,3,,4,35,,94
2022-04-15 20:00,6,8,,31,16,1,,,13,12,2,,,5,7,,6,2,,3,35,,45
2022-04-16 20:00,3,6,,38,11,,,,8,14,11,,,7,4,,13,6,,2,40,,54
2022-04-17 20:00,4,12,,19,10,,,,7,16,4,,,6,7,,14,6,,2,36,,63
2022-04-18 20:00,6,11,,35,10,,,,6,8,14,,,6,3,,10,7,,6,33,,49
2022-04-19 20:00,6,12,1,26,9,,,,6,11,4,,,3,4,,4,12,,7,42,,48
2022-04-20 20:00,2,22,1,40,7,,,,7,31,11,,,3,4,,8,6,1,6,46,,67
2022-04-21 20:00,2,29,,35,16,,,,10,12,8,,,1,2,,7,10,,7,28,,30
2022-04-22 20:00,6,15,,44,12,,,,5,10,13,,,5,2,,11,10,,3,34,,29
2022-04-23 20:00,6,18,1,22,13,,,,10,18,2,,,8,2,,2,10,,4,30,,35
2022-04-24 20:00,4,23,,26,10,,,,4,9,6,,,3,2,,12,11,,6,48,,29
2022-04-25 20:00,6,20,1,40,17,,,,3,12,3,,,2,8,,5,6,,3,25,,29
2022-04-26 20:00,9,35,,36,8,,,,3,7,16,,,4,1,1,8,2,,2,32,,36
2022-04-27 20:00,4,28,,30,9,,,,17,17,11,,,3,3,,10,4,,5,22,,34
2022-04-28 20:00,6,23,,19,11,,,,25,16,7,,,3,4,,4,4,,4,30,,26
2022-04-29 20:00,6,18,2,17,10,,,,7,7,10,,,3,6,,6,3,,2,27,,51
2022-04-30 20:00,8,26,,25,9,,,,14,9,8,,,7,6,,3,4,,2,36,,41
2022-05-01 20:00,4,22,,39,12,,,,16,5,4,,,3,1,,8,4,,4,30,,36
2022-05-02 20:00,6,20,1,45,5,,,,13,10,7,,,4,8,,12,6,,5,27,,33
2022-05-03 20:00,2,9,,33,11,1,,,10,8,12,,,7,12,,5,3,,3,34,,32
2022-05-04 20:00,6,11,,33,126,,,,19,6,4,,,4,13,,6,3,,,22,,46
2022-05-05 20:00,6,15,,32,87,,,,36,9,11,,,4,9,2,6,4,,3,29,7,22
2022-05-06 20:00,2,12,,42,55,,,,22,11,8,,,8,13,,2,4,,1,31,1,34
2022-05-07 20:00,3,22,,36,42,,,,13,6,10,,,,7,1,5,1,,2,26,1,30
2022-05-08 20:00,3,22,,30,50,,,,12,7,4,,,4,5,,10,8,,6,27,,36
2022-05-09 20:00,6,19,,31,42,,,,3,11,13,,,7,5,,8,1,,4,39,,42
2022-05-10 20:00,7,19,,35,38,,,,6,5,3,,,5,5,,11,1,1,11,27,,28
2022-05-11 20:00,10,15,,46,24,,,,10,6,7,,,9,8,,16,1,,5,29,,46
2022-05-12 20:00,16,9,,52,33,,,,3,7,3,,,8,3,,12,4,,,30,,42
2022-05-13 20:00,5,14,,32,27,,,,6,4,3,,,6,3,,7,1,,4,31,,45
2022-05-14 20:00,4,16,,33,23,,,,7,11,13,,,10,5,,6,6,,3,36,,73
2022-05-15 20:00,8,17,,37,28,,,,3,8,11,,,24,7,,10,8,,6,45,,66
2022-05-16 20:00,3,10,,26,22,,,,3,2,12,,,10,5,,4,5,,1,22,,38
2022-05-17 20:00,6,7,,28,29,,,,,4,9,,,11,4,,10,4,2,7,22,,65
2022-05-18 20:00,11,11,,48,19,,,,3,11,6,,,14,7,,6,2,,3,40,,66
2022-05-19 20:00,3,12,,53,26,,,,4,10,9,,,10,6,,8,1,,6,30,,97
2022-05-20 20:00,5,12,1,38,9,,,,2,5,9,,,10,8,,8,3,,4,28,,92
2022-05-21 20:00,6,10,,33,21,,,,5,15,14,,,3,3,,5,4,,1,30,,78
2022-05-22 20:00,3,8,,33,16,,,,2,15,7,,,11,4,,7,2,,,59,,141
2022-05-23 20:00,9,12,,32,11,,,,2,17,9,,,3,4,,6,3,,4,34,,90
2022-05-24 20:00,2,12,,27,13,,,,5,8,5,,,2,6,,9,6,,2,33,,98
2022-05-25 20:00,14,10,,45,18,1,,,2,8,8,,,6,12,,8,1,,1,36,,175
2022-05-26 20:00,4,10,1,107,5,,,,3,7,11,,,7,10,,3,6,,2,25,,58
2022-05-27 20:00,9,8,,67,10,,,,3,6,8,,,2,16,,2,1,,6,32,,
2022-05-28 20:00,7,6,,40,22,,,,4,7,8,,,9,16,,3,2,,3,33,,218
2022-05-29 20:00,2,16,,36,13,,,,2,3,8,,,3,5,,3,2,,1,32,,1092
2022-05-30 20:00,7,8,,52,8,,,,,5,11,,,9,4,,3,6,,3,47,1,827
2022-05-31 20:00,5,10,,34,19,,,,,13,4,,,15,4,,6,1,2,4,31,1,752
2022-06-01 20:00,4,10,,31,29,,,,,3,6,,,37,8,,5,3,,1,23,,677
2022-06-02 20:00,6,9,,31,20,1,,,,11,4,,,126,2,,4,7,,4,27,1,599
2022-06-03 20:00,5,8,,28,21,,,,2,9,6,,,265,2,1,4,5,,1,34,,515
2022-06-04 20:00,3,20,,21,19,,,,29,6,6,,,278,2,,6,3,,4,32,,528
2022-06-05 20:00,7,13,,31,23,,,,,10,3,,,225,4,,5,2,,2,26,,558
2022-06-06 20:00,3,14,,28,13,,,,3,11,6,,,186,7,,1,7,,2,30,1,478
2022-06-07 20:00,2,10,,28,16,1,,,,10,17,,,176,3,,8,6,2,2,42,,411
2022-06-08 20:00,3,8,,23,17,,,,,6,12,,,285,4,,6,7,,2,210,,440
2022-06-09 20:00,2,16,,48,27,,,,5,8,4,,,699,4,,6,3,,2,157,,376
2022-06-10 20:00,3,6,,28,11,1,,,2,5,8,,,375,3,,3,6,,2,133,,363
2022-06-11 20:00,6,9,,35,13,,,,1,6,6,,,276,8,,8,5,,2,83,,342
2022-06-12 20:00,10,9,,36,15,1,,,4,7,5,,,240,3,,4,2,1,6,74,,308
2022-06-13 20:00,7,10,,39,18,,,,,9,5,,,203,4,,8,2,,4,69,,373
2022-06-14 20:00,5,12,,36,17,,,,,9,4,,,155,5,,5,3,,3,81,,325
2022-06-15 20:00,5,3,,44,14,,,,2,14,6,,,116,5,,6,4,,,55,,390
2022-06-16 20:00,3,4,1,37,27,,,,1,5,5,,,112,7,,6,7,,2,47,,325
2022-06-17 20:00,4,6,,34,23,,,,,6,4,,,372,,,3,1,,4,71,,325
2022-06-18 20:00,2,6,,31,19,,,,,20,7,,,342,8,,8,2,,6,72,1,287
2022-06-19 20:00,6,,,41,15,,,,,10,10,,,325,4,,4,8,,6,56,1,306
2022-06-20 20:00,3,13,,36,26,,,,3,9,2,,,257,4,,7,3,1,3,47,,458
2022-06-21 20:00,5,5,,32,79,,,,2,10,7,,,220,6,,9,4,4,4,60,1,336
2022-06-22 20:00,13,4,,31,29,1,,,1,9,5,,3,170,1,,9,1,,1,46,,304
2022-06-23 20:00,4,5,1,23,35,,,,,12,7,,9,15,2,,9,4,,2,42,,260
2022-06-24 20:00,7,7,1,24,23,,,,,5,1,,15,98,15,,5,3,,1,41,,261
2022-06-25 20:00,5,13,,29,22,,,,,11,6,,20,427,7,,3,3,,4,41,,326
2022-06-26 20:00,3,1,,28,28,1,,,,16,5,,17,384,2,,6,2,,5,44,,369
2022-06-27 20:00,6,13,,33,15,,,,1,13,9,,9,356,7,,4,3,,6,49,,343
2022-06-28 20:00,8,2,,41,12,,,,1,12,10,,17,345,2,,7,3,1,3,56,1,413
2022-06-29 20:00,6,13,,32,19,,,,,13,5,,7,205,5,,8,,,6,35,1,657
2022-06-30 20:00,1,6,1,29,22,,,,1,11,10,,10,36,3,,8,3,,5,30,,319
2022-07-01 20:00,2,13,,40,23,,,,,13,5,,8,148,4,,3,5,,4,39,,843
2022-07-02 20:00,,,,,,,,,,,,,,,,,,,,,,,
2022-07-03 20:00,4,8,1,31,20,,,,1,9,7,,11,471,5,,6,2,,5,30,,1486
2022-07-04 20:00,2,6,,38,23,,,,1,7,7,,21,365,8,,7,6,,8,29,,1156
2022-07-05 20:00,2,3,,39,21,1,,,2,19,9,,26,391,3,,2,6,,2,34,,980
2022-07-06 20:00,6,6,,39,20,,,,,9,15,,7,326,2,,4,4,,2,39,,883
2022-07-07 20:00,4,3,,49,26,,,,1,11,13,,26,238,2,,8,4,,2,34,,786
2022-07-08 20:00,7,4,,49,13,,,,,8,14,,14,42,3,,4,2,,2,28,,600
2022-07-09 20:00,5,3,1,34,18,,,,,9,19,,13,26,2,,3,3,,3,36,,543
2022-07-10 20:00,5,8,,33,19,,,,2,19,14,,13,84,5,,5,3,,4,28,,527
2022-07-11 20:00,5,12,,34,19,,,,,19,12,,24,326,8,,8,1,,2,44,,504
2022-07-12 20:00,6,25,2,35,21,,,,,31,9,,15,271,1,,12,,,3,54,,423
2022-07-13 20:00,5,17,,37,111,,,,1,16,5,,17,176,5,1,2,1,,,39,,396
2022-07-14 20:00,6,14,,41,39,,,,,23,4,,26,217,2,2,8,7,,1,36,,387
2022-07-15 20:00,6,13,,50,49,,,,,21,9,,20,180,4,,3,3,,1,50,,375
2022-07-16 20:00,7,11,,34,33,,,,,7,5,,17,166,2,,4,,,2,42,,369
2022-07-17 20:00,3,14,,48,31,,,,3,17,5,,16,168,4,,5,2,,3,36,,352
2022-07-18 20:00,11,16,1,47,158,,,,,10,17,,21,142,12,1,9,2,,10,33,1,305
2022-07-19 20:00,8,14,,39,130,,,,1,9,17,,14,130,10,,4,2,1,2,65,,378
2022-07-20 20:00,9,11,,44,314,,,,3,16,16,,22,125,3,,2,2,,1,55,,324
2022-07-21 20:00,5,13,,58,127,,,,,22,15,,15,127,4,,6,4,,6,132,,337
2022-07-22 20:00,3,15,,40,69,,,,,20,7,,11,123,,,6,,,1,93,,290
2022-07-23 20:00,5,19,,30,107,,,,5,22,8,,14,118,5,,7,2,,3,63,,254
2022-07-24 20:00,7,18,,29,136,,,,3,27,14,,22,131,1,,3,3,,1,49,,242
2022-07-25 20:00,10,12,,46,133,,,,,7,5,,14,127,1,,3,3,,4,58,,283
2022-07-26 20:00,4,5,,46,71,,,,3,17,11,,13,121,1,,2,3,1,4,55,,251
2022-07-27 20:00,3,9,,50,118,,,,3,18,10,,11,112,2,,4,2,,2,46,,273
2022-07-28 20:00,3,16,,35,88,,,,,23,5,,12,103,3,,7,,,2,41,,232
2022-07-29 20:00,7,19,1,39,58,1,,,1,15,5,,10,113,3,,6,4,,1,31,,250
2022-07-30 20:00,6,9,,41,43,,,,4,13,7,,14,93,1,,6,2,,1,30,,212
2022-07-31 20:00,4,9,1,38,59,,,,1,16,7,,14,131,1,,9,7,,1,40,,196
2022-08-01 20:00,3,12,,35,69,1,,,,19,3,,9,95,,,6,7,,1,44,,178
2022-08-02 20:00,4,13,1,55,67,,,,3,20,4,,10,12,3,1,10,6,,1,50,,218
2022-08-03 20:00,,,,,,,,,,,,,,,,,,,,,,,
2022-08-04 20:00,4,12,,38,48,,,,,25,10,,9,,3,,5,5,,3,50,,205
2022-08-05 20:00,4,8,1,29,55,,,,,15,2,,9,,2,,6,4,,,37,,197
2022-08-06 20:00,3,11,1,40,68,,,,1,22,3,,11,,5,,5,2,,1,42,,168
2022-08-07 20:00,1,13,,65,55,,,,,18,8,,19,87,3,,8,,,5,34,,196
2022-08-08 20:00,3,15,,50,70,,,,1,20,10,,22,167,2,,11,1,,2,45,,227
2022-08-09 20:00,1,14,2,52,70,,,,2,18,15,,12,108,,,13,8,,1,56,,163
2022-08-10 20:00,4,13,,51,104,2,,,2,23,9,,17,123,2,,5,8,,2,49,,147
2022-08-11 20:00,3,13,2,28,72,1,,,,18,13,,8,105,3,,17,5,,1,36,,125
2022-08-12 20:00,5,13,,44,74,,,,,12,9,,9,95,1,1,6,1,,4,39,,114
2022-08-13 20:00,5,14,2,39,78,,,,,20,7,,6,86,5,,6,9,,,38,,131
2022-08-14 20:00,9,17,,45,107,,,,2,21,12,,9,88,7,,8,3,,4,27,,147
2022-08-15 20:00,7,14,,34,135,,,,3,16,7,,9,99,2,,11,5,,1,34,1,147
2022-08-16 20:00,2,21,1,25,121,,,,3,14,8,,8,85,2,,7,2,,1,33,,131
2022-08-17 20:00,9,18,,38,186,,,,1,9,6,,17,66,2,,11,11,1,,50,,113
2022-08-18 20:00,2,18,2,33,270,1,,,2,13,12,,3,62,2,,9,2,,2,46,,114
2022-08-19 20:00,1,9,,32,165,1,,,1,7,5,,10,58,5,,14,2,,1,37,,125
2022-08-20 20:00,4,26,,32,236,,,,2,13,7,,8,71,1,,11,1,,4,38,,117
2022-08-21 20:00,2,21,,46,806,,,,,8,12,,8,65,1,,8,3,,3,65,,105
2022-08-22 20:00,2,19,,37,622,,,,,4,9,,9,72,1,,11,6,,3,52,,110
2022-08-23 20:00,7,17,,53,413,1,,,,17,5,,8,46,2,,8,7,,1,62,,115
2022-08-24 20:00,3,45,,58,285,,,,1,14,7,,8,76,1,,8,5,,4,67,,135
2022-08-25 20:00,2,24,,31,236,,,,3,19,12,,10,53,,,11,1,,,76,,93
2022-08-26 20:00,9,21,,37,172,,,,,12,9,,6,57,,,7,3,,,80,,96
2022-08-27 20:00,,19,,27,521,,,,1,17,5,,9,52,2,,6,4,,2,51,,116
2022-08-28 20:00,1,29,,40,644,,,,2,19,15,,4,60,,,11,7,,2,71,1,97
2022-08-29 20:00,4,21,,42,350,,,,1,11,9,,4,55,,,8,5,1,2,112,,107
2022-08-30 20:00,,,,,,,,,,,,,,,,,,,,,,,
2022-08-31 20:00,1,14,,31,274,1,,,1,11,4,,4,49,1,,3,2,,2,137,,77
2022-09-01 20:00,2,11,,41,206,,,,2,8,10,,2,44,4,,4,7,,1,232,,78
2022-09-02 20:00,5,15,,33,178,,,,3,5,4,,7,49,,,11,4,,5,345,,96
2022-09-03 20:00,5,18,,21,159,,,,,7,6,,,49,1,,11,1,,5,256,,120
2022-09-04 20:00,12,20,,30,576,,,,,14,6,,3,62,3,,8,7,,6,240,,91
2022-09-05 20:00,,12,1,40,615,,,,1,12,8,,3,48,2,,6,3,,4,220,,97
2022-09-06 20:00,3,21,,46,336,,,,,13,7,,2,66,2,,8,4,,1,209,,99
2022-09-07 20:00,4,12,,38,270,,,,,9,14,,2,36,2,,6,8,,3,146,1,85
2022-09-08 20:00,3,20,,66,207,,,,4,16,6,,3,42,,,7,2,,2,121,,60
2022-09-09 20:00,1,7,,53,157,,,,,9,6,,4,50,2,,5,2,,,105,,69
2022-09-10 20:00,2,15,,33,149,,,,,8,8,,4,48,9,,4,1,,2,118,,66
2022-09-11 20:00,2,5,,38,711,,,,1,8,11,,2,34,5,1,9,2,,3,132,,69
2022-09-12 20:00,,30,,37,626,,,,1,60,23,,7,37,2,1,9,5,1,4,106,1,74
2022-09-13 20:00,2,16,,31,355,,,,1,22,13,,4,27,,1,8,13,1,2,86,,66
2022-09-14 20:00,4,24,,59,239,,,,1,15,13,,7,34,4,,15,3,,3,79,,79
2022-09-15 20:00,6,4,,53,239,,,,,12,11,,8,24,,,8,1,,3,91,,54
2022-09-16 20:00,3,13,,42,197,,,,,10,11,,,32,1,,5,1,,2,99,,76
2022-09-17 20:00,2,16,,27,197,,,,,17,12,,1,29,2,,6,5,,1,94,,53
2022-09-18 20:00,4,10,,23,933,,,,1,17,9,,4,27,4,,3,2,,2,92,,65
2022-09-19 20:00,5,11,,24,819,1,,,,16,13,,2,26,,,6,,,1,78,,38
2022-09-20 20:00,3,13,,35,475,,,,,20,9,,2,49,3,,7,,,,84,,57
2022-09-21 20:00,2,13,,44,365,,,,,16,10,,1,30,2,2,2,1,1,,75,,67
2022-09-22 20:00,3,9,,45,282,,,,1,11,9,,3,40,2,,3,2,,,71,,72
2022-09-23 20:00,4,4,,21,130,,,,1,9,3,,,20,1,3,4,4,,,46,,31
2022-09-24 20:00,1,7,,22,99,,,,,8,4,,1,21,2,,2,13,,2,39,,26
2022-09-25 20:00,5,5,,29,625,,,,1,11,6,,,22,1,,2,1,,5,62,,22
2022-09-26 20:00,4,8,,44,801,,,,1,10,9,,1,53,5,,4,4,,3,117,,51
2022-09-27 20:00,7,3,,30,529,,,,,9,11,,1,34,,,6,4,,13,84,,57
2022-09-28 20:00,8,9,,51,393,1,,,1,5,11,,1,31,1,,5,6,,5,68,,48
2022-09-29 20:00,4,13,,30,317,,,,,12,14,,3,27,1,,5,4,,2,67,,54
2022-09-30 20:00,5,3,1,30,195,,,,,6,8,,,34,2,,3,5,,4,57,,53
2022-10-01 20:00,4,6,1,44,223,,,,1,9,11,,1,26,,,8,3,,1,58,,61
2022-10-02 20:00,3,15,,39,1422,,,,4,17,12,,3,28,1,,1,4,1,1,57,,45
2022-10-03 20:00,3,11,,30,990,,,,1,16,3,,1,22,3,,4,2,,1,46,,49
2022-10-04 20:00,1,17,,46,586,,,,2,14,7,,3,25,2,,3,3,1,1,60,1,43
2022-10-05 20:00,4,20,,38,448,,,,,16,10,,1,32,2,,2,1,,5,55,,50
2022-10-06 20:00,7,30,,68,330,,,,,12,17,,2,25,1,,3,5,,,40,,50
2022-10-07 20:00,4,14,,65,277,,,,1,11,17,,2,24,,,1,3,,,41,,33
2022-10-08 20:00,6,7,,52,293,2,,,6,12,15,,2,26,1,,4,4,,2,50,,59
2022-10-09 20:00,3,16,,27,1633,,,,5,14,16,,1,26,4,,2,6,1,2,42,,36
2022-10-10 20:00,4,6,,28,1145,,,,3,13,8,,2,28,2,,5,3,,1,55,,51
2022-10-11 20:00,2,18,1,41,636,,,,,14,11,,3,41,2,,1,3,,1,42,,41
2022-10-12 20:00,2,12,,33,494,,,,3,12,10,,2,26,5,,5,3,1,3,55,,29
2022-10-13 20:00,4,7,,60,444,,,,3,13,13,,6,36,1,,6,,,5,46,,33
2022-10-14 20:00,5,11,,49,329,,,,10,17,4,,1,36,1,,3,,,4,47,,44
2022-10-15 20:00,7,5,,32,330,1,,,5,10,11,,2,25,1,,7,6,,2,44,,47
2022-10-16 20:00,6,11,,39,2092,,,,1,30,8,,3,23,1,,3,2,,2,28,,55
2022-10-17 20:00,9,10,,35,1026,,,,2,15,8,,5,23,2,1,4,4,,,48,,48
2022-10-18 20:00,1,9,,40,632,1,,,1,20,7,,1,29,,,3,4,1,1,47,,36
2022-10-19 20:00,7,9,1,33,443,,,,3,18,10,,2,42,1,,3,1,,3,50,,31
2022-10-20 20:00,3,6,,68,407,,,,2,20,7,,1,34,,,3,3,,1,48,,48
2022-10-21 20:00,7,6,,50,458,,,,3,17,12,,4,23,1,1,5,1,,2,39,,54
2022-10-22 20:00,4,7,,28,387,,,,1,6,15,,3,25,5,,2,2,,5,49,,59
2022-10-23 20:00,3,14,,39,2116,1,,,4,35,6,,,22,1,,6,4,,2,37,,44
2022-10-24 20:00,4,15,,45,976,,,,3,20,5,,5,42,6,,4,9,,1,29,,40
2022-10-25 20:00,2,16,,43,593,,,,2,15,10,,3,38,1,1,6,5,1,,41,2,40
2022-10-26 20:00,3,7,,44,461,,,,2,19,8,,1,28,5,,6,6,,3,32,,42
2022-10-27 20:00,,10,,51,400,,,,1,24,11,,,31,1,,3,4,1,4,42,,42
2022-10-28 20:00,7,11,1,50,293,1,,,2,23,14,,2,41,1,,7,3,,2,30,,71
2022-10-29 20:00,4,19,,36,296,,,,3,21,23,,3,37,7,1,13,6,2,7,39,,83
2022-10-30 20:00,7,18,,59,283,,,,2,28,21,,2,31,7,6,7,14,,2,53,,127
2022-10-31 20:00,7,10,,48,284,,,,3,21,19,,7,30,9,4,9,7,1,10,43,,133
2022-11-01 20:00,5,12,,36,256,,,,9,18,7,,2,33,2,1,5,6,,6,42,,50
2022-11-02 20:00,6,7,,33,237,,,,2,17,8,,1,19,5,,4,15,2,2,38,,54
2022-11-03 20:00,3,12,,71,216,,,,5,17,6,,1,25,3,1,3,18,1,4,47,,33
2022-11-04 20:00,2,7,,30,219,,,,4,26,17,,1,13,2,,2,13,,8,33,,46
2022-11-05 20:00,,5,,42,176,,,,3,20,9,,2,27,8,1,5,8,,10,38,,80
2022-11-06 19:00,10,12,1,46,164,,,,1,20,18,,,21,5,9,4,9,2,6,37,,58
2022-11-07 19:00,5,13,,56,203,,,,2,24,9,,1,15,4,8,4,12,,9,34,,43
2022-11-08 19:00,4,17,,38,158,,,,6,29,9,,1,14,5,5,4,7,,6,40,,43
2022-11-09 19:00,1,7,,37,152,,,,3,26,9,,,24,5,5,4,11,,6,45,,30
2022-11-10 19:00,1,12,,77,136,,,,5,16,13,,,22,4,3,3,7,,8,29,,52
2022-11-11 19:00,,13,1,50,139,,,,3,16,10,,1,16,5,3,5,10,,9,29,,42
2022-11-12 19:00,7,12,,50,128,1,,,4,16,6,,2,28,2,4,2,3,,37,25,,34
2022-11-13 19:00,2,10,,46,120,,,,1,23,8,,1,27,7,17,1,6,,71,27,,32
2022-11-14 19:00,2,13,,41,113,,,,6,20,10,,1,13,3,20,5,3,,33,32,,43
2022-11-15 19:00,7,11,,45,159,,,,3,10,8,,,23,1,7,4,6,,18,30,,41
2022-11-16 19:00,3,14,1,42,119,,,,2,15,11,,3,25,2,6,4,5,1,23,27,,23
2022-11-17 19:00,5,11,,39,113,1,,,,21,12,,,23,1,5,7,1,1,13,43,,20
2022-11-18 19:00,7,9,1,38,128,,,,2,21,8,,1,21,1,8,5,4,,9,33,,33
2022-11-19 19:00,4,3,,38,98,,,,2,30,8,,1,21,3,11,5,,2,20,38,,38
2022-11-20 19:00,4,11,2,24,106,,,,2,9,9,,1,17,6,44,4,7,2,33,29,,39
2022-11-21 19:00,4,14,,32,89,,,,2,10,7,,,23,5,15,3,3,,17,39,,40
2022-11-22 19:00,2,6,,31,102,,,,1,14,8,,1,11,2,14,4,6,1,7,39,,34
2022-11-23 19:00,6,7,,24,101,,,,2,18,4,,1,23,4,9,9,9,11,8,35,,22
2022-11-24 19:00,7,16,,26,77,,,,3,17,7,,,14,2,15,8,13,19,7,25,,31
2022-11-25 19:00,4,8,,39,83,,,,5,12,3,,1,18,2,2,11,8,30,7,43,,30
2022-11-26 19:00,4,10,,41,65,,,,1,18,7,,4,14,3,19,10,6,40,18,46,,29
2022-11-27 19:00,2,11,,28,84,,,,1,12,2,,5,8,3,116,5,1,41,36,42,,29
2022-11-28 19:00,3,15,1,36,93,,,,3,14,4,,,11,4,62,7,4,37,21,37,,33
2022-11-29 19:00,8,9,,50,109,,,,,30,16,,3,25,2,60,4,4,34,19,38,,30
2022-11-30 19:00,6,10,,38,80,,,,1,22,13,,3,33,9,54,3,11,27,11,35,,41
2022-12-01 19:00,4,8,,28,76,,,,1,14,6,,4,27,5,35,9,6,34,9,52,,32
2022-12-02 19:00,1,9,,28,72,,,,1,18,10,,,23,5,16,8,2,35,12,77,,33
2022-12-03 19:00,3,15,2,34,69,,,,3,13,6,,1,24,8,92,9,5,53,19,75,,23
2022-12-04 19:00,9,12,,22,66,,,,1,9,10,,2,28,4,189,8,9,30,39,48,,22
2022-12-05 19:00,5,13,,52,106,,,,1,19,8,,2,16,1,97,5,5,36,41,40,,32
2022-12-06 19:00,1,4,1,51,93,,,,2,17,11,,2,19,2,73,30,7,38,17,45,,29
2022-12-07 19:00,7,9,,38,87,,,,3,13,6,,3,29,3,78,9,3,53,19,69,,38
2022-12-08 19:00,5,12,,32,79,,,,,10,5,,2,27,4,56,17,2,35,17,45,,43
2022-12-09 19:00,3,21,,35,104,,,,1,19,6,,,30,6,53,15,6,37,9,27,,37
2022-12-10 19:00,,15,1,30,98,,,,1,19,4,,2,16,2,353,11,7,36,23,43,,38
2022-12-11 19:00,3,16,1,46,130,,,,1,17,6,,3,22,5,362,5,6,47,45,41,,31
2022-12-12 19:00,5,6,,37,79,,,,,15,6,,2,15,3,139,11,6,44,20,54,,33
2022-12-13 19:00,6,13,,48,152,2,,,1,19,6,,4,19,2,71,9,2,54,18,40,,35
2022-12-14 19:00,2,10,,38,83,,,,1,24,6,,5,27,4,47,15,8,38,21,50,1,27
2022-12-15 19:00,4,9,1,35,107,,,,2,28,8,,,14,2,53,7,,45,16,37,,33
2022-12-16 19:00,5,6,,27,75,,,,1,22,10,,2,13,2,40,10,8,43,16,32,,28
2022-12-17 19:00,,11,,23,54,,,,2,21,16,,,14,5,43,14,5,48,33,29,1,26
2022-12-18 19:00,5,16,,33,63,,,,2,12,8,,3,21,2,28,6,5,39,66,46,,29
2022-12-19 19:00,5,5,,27,86,1,,,2,19,6,,1,20,2,32,14,3,36,37,42,,21
2022-12-20 19:00,8,9,1,44,107,,,,,9,4,,3,21,6,23,14,3,54,26,48,,25
2022-12-21 19:00,5,11,,33,59,,,,1,20,5,,4,20,2,35,21,6,33,20,45,,40
2022-12-22 19:00,4,13,,37,69,,,,1,14,14,,1,15,5,23,9,4,29,15,48,,51
2022-12-23 19:00,7,15,,13,71,,,,1,13,4,,2,15,2,22,7,9,27,13,58,,31
2022-12-24 19:00,2,8,,14,60,,,,1,11,12,,,16,10,15,10,1,24,15,38,,29
2022-12-25 19:00,3,10,,23,57,1,,,1,15,7,,7,17,4,22,8,10,48,17,57,,33
2022-12-26 19:00,5,9,1,32,57,,,,2,22,12,,2,8,5,22,8,3,36,12,71,,38
2022-12-27 19:00,4,12,,39,89,,,,,12,8,,4,15,2,18,9,6,33,18,63,,26
2022-12-28 19:00,2,25,,38,60,,,,2,15,6,,,20,11,14,6,4,43,19,54,,22
2022-12-29 19:00,3,20,1,31,68,,,,,24,10,,2,30,7,29,7,5,34,14,63,,34
2022-12-30 19:00,10,28,,31,56,,,,2,17,19,,2,19,5,14,11,10,32,7,60,,29
2022-12-31 19:00,3,12,,32,64,,,,,14,11,,2,5,8,22,15,7,31,40,53,,33
2023-01-01 19:00,3,11,,36,80,,,,,21,7,,4,4,4,25,14,11,31,44,71,,36
2023-01-02 19:00,1,18,1,32,75,,,,1,23,3,,,14,2,23,9,10,32,40,55,,24
2023-01-03 19:00,6,16,2,52,55,,,,1,17,6,,2,4,3,26,11,16,44,28,84,,28
2023-01-04 19:00,2,9,,44,75,,,,,30,5,,4,18,1,15,11,9,18,19,69,2,63
2023-01-05 19:00,,32,,40,93,,,,11,15,10,,2,16,4,14,13,5,39,12,88,,33
2023-01-06 19:00,2,14,,37,58,,,,,23,4,,,13,4,16,4,17,41,20,92,,29
2023-01-07 19:00,1,6,,46,61,,,,3,23,5,,3,12,7,11,8,9,36,16,68,,31
2023-01-08 19:00,,19,,43,55,,,,3,29,8,,3,12,3,18,9,28,28,20,109,,27
2023-01-09 19:00,2,20,,43,98,,,,,29,6,,8,22,5,28,12,13,31,13,111,,31
2023-01-10 19:00,2,14,,46,65,,,,3,23,13,,10,18,3,16,6,9,25,13,96,,30
2023-01-11 19:00,2,9,,41,91,,,,,25,14,,4,16,2,13,13,3,25,4,91,,42
2023-01-12 19:00,3,13,,36,61,,,,1,19,12,,4,20,4,21,85,7,23,9,105,,22
2023-01-13 19:00,1,11,,33,76,,,,,16,14,,4,13,6,22,30,8,29,8,118,,32
2023-01-14 19:00,2,7,,23,95,,,,,28,9,,4,16,4,13,27,7,28,24,258,,23
2023-01-15 19:00,,,,,,,,,,,,,,,,,,,,,,,
2023-01-16 19:00,1,10,,42,74,,,,,12,2,,3,22,25,13,21,10,33,12,541,,31
2023-01-17 19:00,6,11,,36,66,,,,3,15,10,,2,16,19,23,23,9,26,16,340,,26
2023-01-18 19:00,5,10,,25,77,,,,3,20,13,,3,16,10,18,22,10,29,6,250,,28
2023-01-19 19:00,4,17,1,34,63,,,,2,22,12,,1,16,10,12,10,4,33,6,216,,27
2023-01-20 19:00,2,9,1,38,83,,,,2,36,6,,7,18,13,7,14,6,21,9,187,,33
2023-01-21 19:00,2,10,,41,61,,,,1,23,10,,2,18,12,6,8,10,13,10,200,1,31
2023-01-22 19:00,,17,,39,59,,,,3,19,6,,4,7,7,12,12,11,18,7,365,,21
2023-01-23 19:00,4,11,,41,64,2,1,,2,18,5,,6,15,5,24,14,15,17,12,443,,20
2023-01-24 19:00,1,8,,31,54,1,,,2,25,13,,1,15,5,11,9,16,11,9,306,,37
2023-01-25 19:00,3,10,1,39,56,1,,,1,20,17,,2,13,7,13,10,2,21,12,262,6,31
2023-01-26 19:00,2,9,,26,49,3,,,2,67,7,,3,12,7,11,15,11,21,11,173,2,17
2023-01-27 19:00,7,13,,41,54,,3,,4,26,8,,1,10,6,10,12,13,19,10,198,5,21
2023-01-28 19:00,5,18,,36,61,,3,,3,23,6,,4,9,7,5,9,13,15,7,193,3,25
2023-01-29 19:00,1,18,1,37,66,,2,,12,24,7,,3,11,6,8,8,12,14,10,511,9,40
2023-01-30 19:00,3,17,,38,68,1,,,8,13,7,,2,14,3,7,15,8,12,7,582,6,38
2023-01-31 19:00,3,17,,39,84,1,,,2,17,13,,,11,4,8,18,15,17,7,412,5,34
2023-02-01 19:00,2,20,,44,89,,,,4,14,9,,3,14,15,7,19,10,16,3,243,9,29
2023-02-02 19:00,3,22,,46,46,,3,,2,25,10,,2,17,3,13,12,14,22,10,221,10,33
2023-02-03 19:00,4,24,,29,58,,5,,2,25,6,,1,12,4,10,12,10,12,12,206,6,41
2023-02-04 19:00,3,14,,35,73,1,2,,6,21,9,,2,13,8,6,9,9,13,7,174,12,32
2023-02-05 19:00,1,16,,37,61,,3,,3,16,2,,1,18,12,7,21,19,23,4,345,8,31
2023-02-06 19:00,1,11,,34,64,1,2,,1,27,4,,3,11,10,8,16,11,8,22,269,7,30
2023-02-07 19:00,1,9,,24,46,,1,,1,25,11,,1,18,7,3,15,25,14,10,186,7,32
2023-02-08 19:00,5,14,,22,39,,,,4,39,10,,3,19,2,8,22,84,11,7,169,3,13
2023-02-09 19:00,,10,,33,46,,4,,10,23,10,,2,16,7,9,14,207,12,7,167,7,17
2023-02-10 19:00,2,10,1,49,44,,3,,5,28,9,,5,13,10,1,9,198,14,4,345,5,27
2023-02-11 19:00,6,9,,35,41,1,3,,6,21,6,,2,14,6,1,13,136,17,5,330,3,27
2023-02-12 19:00,3,13,,39,40,,,,6,24,4,,7,20,5,2,6,94,9,2,252,6,26
2023-02-13 19:00,6,24,,39,31,1,,,7,31,29,,1,14,17,5,11,105,23,7,203,5,30
2023-02-14 19:00,4,18,,38,46,2,3,,5,12,19,,5,11,16,3,13,101,15,3,189,5,21
2023-02-15 19:00,4,7,,36,53,3,,,39,19,27,,3,16,13,4,12,86,16,8,153,1,31
2023-02-16 19:00,4,10,,36,35,1,2,,23,13,17,,4,18,8,4,12,68,10,5,164,10,26
2023-02-17 19:00,8,12,,36,31,3,3,,30,17,13,,2,22,11,1,13,60,8,6,146,9,26
2023-02-18 19:00,5,21,,42,22,2,3,,22,19,7,,,10,10,6,6,49,11,6,130,8,23
2023-02-19 19:00,4,16,,30,37,,1,,14,15,10,,,11,3,9,2,46,10,8,346,1,28
2023-02-20 19:00,4,15,,39,44,3,,,9,32,15,,2,13,13,1,11,35,9,7,302,6,29
2023-02-21 19:00,1,13,,41,42,1,,,13,32,11,,2,9,13,3,15,53,13,7,202,2,24
2023-02-22 19:00,4,14,,41,34,,,,18,25,14,,,16,12,8,12,51,14,10,196,4,26
2023-02-23 19:00,4,19,1,92,42,9,5,,36,88,14,11,,12,15,4,13,29,13,5,180,11,13
2023-02-24 19:00,4,9,1,69,36,7,5,,27,39,3,10,3,12,16,2,14,29,10,8,164,9,22
2023-02-25 19:00,3,13,1,38,40,3,4,,20,28,10,5,1,1,16,7,7,20,12,10,123,6,29
2023-02-26 19:00,1,19,,36,32,2,4,,13,33,25,9,3,10,18,10,11,31,14,4,295,,32
2023-02-27 19:00,4,16,,40,45,6,3,,10,37,31,9,,16,27,4,6,32,12,8,243,1,26
2023-02-28 19:00,3,25,,29,59,4,1,,12,23,23,7,1,7,97,4,14,20,12,9,161,1,34
2023-03-01 19:00,5,26,,27,39,5,2,,26,79,24,2,1,14,110,2,33,22,20,4,167,3,27
2023-03-02 19:00,3,6,,40,43,4,3,,54,57,15,3,1,8,73,2,20,18,15,9,144,11,23
2023-03-03 19:00,6,13,,41,78,4,2,,39,40,24,5,,11,56,3,22,29,16,8,129,5,25
2023-03-04 19:00,3,15,,33,39,,,,19,37,13,5,3,17,19,2,11,32,8,5,130,9,24
2023-03-05 19:00,5,16,,28,57,2,2,,17,35,18,2,1,9,41,6,22,36,16,8,362,6,28
2023-03-06 19:00,2,13,1,35,53,2,2,,9,36,17,4,3,9,16,3,17,29,5,3,277,4,31
2023-03-07 19:00,4,16,,51,51,1,,,11,31,19,5,1,9,103,2,21,35,14,9,203,7,21
2023-03-08 19:00,4,17,,39,36,4,,,35,35,17,1,2,6,136,3,53,222,18,6,176,2,14
2023-03-09 19:00,4,15,,38,36,5,3,,71,45,19,3,2,13,96,4,61,395,13,6,152,14,42
2023-03-10 19:00,2,7,,33,46,4,4,,37,23,21,,1,10,51,2,35,282,23,7,164,9,20
2023-03-11 19:00,3,3,,26,43,2,4,,21,40,21,2,1,8,46,6,33,223,8,6,200,2,23
2023-03-12 20:00,4,11,,41,51,,5,,19,41,28,4,6,15,29,3,34,188,14,5,654,2,27
2023-03-13 20:00,2,4,,21,34,3,2,,11,37,39,1,,11,15,1,29,123,12,4,286,4,19
2023-03-14 20:00,2,4,,44,51,1,2,,12,43,110,,1,14,162,1,32,128,4,3,294,4,20
2023-03-15 20:00,2,8,,34,53,,1,,53,50,54,1,1,27,152,3,52,85,19,3,232,3,23
2023-03-16 20:00,4,7,1,70,50,6,7,,67,50,45,1,2,11,72,3,43,84,20,3,205,,20
2023-03-17 20:00,1,7,,44,43,4,3,,38,44,48,1,1,16,46,3,42,74,11,2,156,,17
2023-03-18 20:00,8,6,,35,39,3,4,,32,63,48,1,1,16,43,5,57,76,10,2,156,3,17
2023-03-19 20:00,5,14,,39,34,4,5,,24,65,38,4,5,13,45,4,53,62,18,,144,,24
2023-03-20 20:00,4,8,1,39,39,3,3,,23,84,44,1,1,15,25,2,71,67,8,6,150,7,19
2023-03-21 20:00,1,4,,45,39,2,3,,23,91,110,,,10,177,4,61,58,17,3,145,1,26
2023-03-22 20:00,4,14,,54,35,1,1,,82,71,111,3,,8,137,3,70,37,16,5,105,3,23
2023-03-23 20:00,5,9,,59,50,1,15,,94,87,57,3,,17,71,2,244,62,22,2,105,2,24
2023-03-24 20:00,1,5,,48,33,5,7,,55,101,48,2,,16,65,,219,51,22,6,100,1,20
2023-03-25 20:00,2,7,,46,28,3,6,,41,153,44,1,,24,51,4,140,49,9,1,95,2,17
2023-03-26 20:00,1,5,,42,37,2,4,,28,439,33,,,12,60,7,161,29,17,3,115,4,17
2023-03-27 20:00,4,6,,23,33,2,7,,31,198,45,3,2,17,29,7,107,46,10,10,325,,17
Total,1510,4737,72,13921,53683,166,166,1,2222,7439,4147,109,1311,19395,3593,3361,4455,5752,2998,2562,32554,337,44387