The Boys,Wendesday,The Last of Us,Stranger Things,Yellowjackets,Survivor,Ted Lasso S1,Ted Lasso S2,The Handmaids Tale,The Bachelorette
2022-06-03,2022-11-23,2023-01-15,2022-05-20,2021-11-14,2022-09-21,2020-08-14,2021-07-23,2022-09-14,2021-06-07
2022-06-10,0,2023-01-22,2022-07-01,2021-11-21,2022-09-28,2020-08-21,2021-07-30,0,2021-06-14
2022-06-17,0,2023-01-29,0,2021-11-28,2022-10-05,2020-08-28,2021-08-06,2022-09-21,2021-06-21
2022-06-24,0,2023-02-05,0,2021-12-05,2022-10-12,2020-09-04,2021-08-13,2022-09-28,2021-06-28
2022-07-01,0,2023-02-10,0,2021-12-12,2022-10-19,2020-09-11,2021-08-20,2022-10-05,2021-07-05
2022-07-08,0,2023-02-19,0,2021-12-19,2022-10-26,2020-09-18,2021-08-27,2022-10-12,2021-07-12
0,0,2023-02-26,0,2021-12-26,2022-11-02,2020-09-25,2021-09-03,2022-10-19,2021-07-19
0,0,2023-03-05,0,2022-01-02,2022-11-09,2020-10-02,2021-09-10,2022-10-26,2021-07-26
0,0,2023-03-12,0,2022-01-09,2022-11-16,0,2021-09-17,2022-11-02,2021-08-02
0,0,0,0,2022-01-16,2022-11-23,0,2021-09-24,2022-11-09,2021-08-09
0,0,0,0,0,2022-11-30,0,2021-10-01,0,0
0,0,0,0,0,2022-12-07,0,2021-10-08,0,0
0,0,0,0,0,2022-12-14,0,0,0,0